date,close,high,low,open,volume,short_ma,long_ma,signal,position_pct,cash,shares,portfolio_value,equity_pct,risk_budget,max_position_pct,signal_strength
2024-09-27,70.22834014892578,70.62941746440163,69.90551690689314,69.98377844376728,11175700,69.880131149292,67.80145751953125,hold,0.0,10000.0,0,10000.0,0.0,0.02,1,0.0
2024-09-30,70.29682159423828,70.62942195193921,70.13052141538782,70.43377556075411,18015300,69.87443084716797,67.93869705200196,hold,0.0,10000.0,0,10000.0,0.0,0.02,1,0.0
2024-10-01,70.15008544921875,71.16746313744837,70.07182390471685,70.5316011493759,13294500,69.835160446167,68.08310646057129,hold,0.0,10000.0,0,10000.0,0.0,0.02,1,0.0
2024-10-02,69.46530151367188,69.87616334388284,68.87835497573762,69.8370325795632,11155500,69.78351211547852,68.21012802124024,hold,0.0,10000.0,0,10000.0,0.0,0.02,1,0.0
2024-10-03,68.9859619140625,69.44573910995629,68.67292323268835,69.3185697112024,9374800,69.77542152404786,68.31104583740235,hold,0.0,10000.0,0,10000.0,0.0,0.02,1,0.0
2024-10-04,68.6435775756836,68.75118532296983,68.20336949200782,68.43814663907284,12684800,69.75166931152344,68.4000636291504,hold,0.0,10000.0,0,10000.0,0.0,0.02,1,0.0
2024-10-07,67.5088119506836,68.57509735169447,67.37185799942404,68.52618949106211,14512000,69.63668746948242,68.44734313964844,hold,0.0,10000.0,0,10000.0,0.0,0.02,1,0.0
2024-10-08,67.67511749267578,67.9294637638542,67.36207879869895,67.53816353052537,13549700,69.54459419250489,68.50222366333008,hold,0.0,10000.0,0,10000.0,0.0,0.02,1,0.0
2024-10-09,68.05663299560547,68.2229331687345,67.56750957103925,67.68490187977036,9037700,69.4944091796875,68.54821746826173,hold,0.0,10000.0,0,10000.0,0.0,0.02,1,0.0
2024-10-10,67.74359130859375,68.38923778293473,67.48924504929904,68.31097624723931,8635200,69.42128524780273,68.60621627807618,hold,0.0,10000.0,0,10000.0,0.0,0.02,1,0.0
2024-10-11,68.05663299560547,68.07619464867841,67.49903259013723,67.9490252451264,8786300,69.33128662109375,68.6467692565918,hold,0.0,10000.0,0,10000.0,0.0,0.02,1,0.0
2024-10-14,68.80987548828125,68.93705234732208,67.95880555928217,68.05662874540002,7659300,69.24520072937011,68.67576553344726,hold,0.0,10000.0,0,10000.0,0.0,0.02,1,0.0
2024-10-15,68.80987548828125,69.66095288071104,68.63379823132753,68.9272677896811,10358700,69.17378845214844,68.72866302490235,hold,0.0,10000.0,0,10000.0,0.0,0.02,1,0.0
2024-10-16,69.03487396240234,69.16204335511847,68.44792739562176,68.56531223091957,7937300,69.11607131958007,68.78703186035156,hold,0.0,10000.0,0,10000.0,0.0,0.02,1,0.0
2024-10-17,68.37944793701172,69.15226374951916,68.06640928186961,69.09356387057171,14674600,69.08085403442382,68.82432525634766,hold,0.0,10000.0,0,10000.0,0.0,0.02,1,0.0
2024-10-18,68.90771484375,69.0153226011042,68.09576811587074,68.35011440265626,15087500,69.02215995788575,68.86693740844727,hold,0.0,10000.0,0,10000.0,0.0,0.02,1,0.0
2024-10-21,67.9392318725586,68.80009376470437,67.80227792852271,68.4772705551497,11981200,68.91063919067383,68.89115173339843,hold,0.0,10000.0,0,10000.0,0.0,0.02,1,0.0
2024-10-22,67.9392318725586,68.2327088745956,67.18598518036123,67.49902383293329,18603300,68.81868362426758,68.92527603149414,sell,0.0,10000.0,0,10000.0,0.0,0.02,1,1.0
2024-10-23,66.53056335449219,67.20554853480233,65.13167020771844,65.53274749301225,24655200,68.65042533874512,68.92559173583984,hold,0.0,10000.0,0,10000.0,0.0,0.02,1,0.0
2024-10-24,65.83600616455078,66.55990663575014,65.49361384740685,66.17839101826466,17568800,68.44988479614258,68.90968444824219,hold,0.0,10000.0,0,10000.0,0.0,0.02,1,0.0
2024-10-25,65.46427154541016,66.22730282589627,65.3371021531393,65.61101005244913,11138100,68.2116813659668,68.88498229980469,hold,0.0,10000.0,0,10000.0,0.0,0.02,1,0.0
2024-10-28,65.21971130371094,65.93383474000234,65.15123432736223,65.50340376670721,10761400,67.95782585144043,68.84509002685547,hold,0.0,10000.0,0,10000.0,0.0,0.02,1,0.0
2024-10-29,64.13385009765625,64.89688131563443,64.0947193347561,64.84797345958167,16525900,67.65701408386231,68.78736709594726,hold,0.0,10000.0,0,10000.0,0.0,0.02,1,0.0
2024-10-30,64.48602294921875,65.09253861146436,63.899076401184765,64.0849456690438,14177800,67.40805015563964,68.72891479492188,hold,0.0,10000.0,0,10000.0,0.0,0.02,1,0.0
2024-10-31,63.8892936706543,64.55450176769232,63.840385810587534,64.37841705190489,13383700,67.15321674346924,68.65483604431152,hold,0.0,10000.0,0,10000.0,0.0,0.02,1,0.0
2024-11-01,63.595821380615234,64.23168324153778,63.4784290873367,64.045813976371,12163100,66.90082893371581,68.57955123901367,hold,0.0,10000.0,0,10000.0,0.0,0.02,1,0.0
2024-11-04,63.69364929199219,63.99690340953715,63.24365666280489,63.66430308234987,10984500,66.71007080078125,68.49728454589844,hold,0.0,10000.0,0,10000.0,0.0,0.02,1,0.0
2024-11-05,63.947994232177734,64.04581741678295,63.233870804041565,63.233870804041565,8780200,66.52371463775634,68.39970146179199,hold,0.0,10000.0,0,10000.0,0.0,0.02,1,0.0
2024-11-06,62.31432342529297,63.449089591684974,61.80563462908752,63.0186586008951,22899300,66.23659915924073,68.25661994934082,hold,0.0,10000.0,0,10000.0,0.0,0.02,1,0.0
2024-11-07,62.27519226074219,62.98931198980262,62.21649610826712,62.8914888007263,14856100,65.96317920684814,68.10789772033691,hold,0.0,10000.0,0,10000.0,0.0,0.02,1,0.0
2024-11-08,62.52953338623047,62.842572062298764,62.353452396193006,62.51975256022881,14719300,65.6868242263794,67.95843284606934,hold,0.0,10000.0,0,10000.0,0.0,0.02,1,0.0
2024-11-11,61.98171615600586,62.72518579350613,61.87410841386382,62.59801266809142,13980900,65.34541625976563,67.78985061645508,hold,0.0,10000.0,0,10000.0,0.0,0.02,1,0.0
2024-11-12,61.825199127197266,62.36323412625718,61.746937591187965,62.29475714810676,15021000,64.99618244171143,67.60764472961426,hold,0.0,10000.0,0,10000.0,0.0,0.02,1,0.0
2024-11-13,61.629547119140625,61.8838896398998,61.13064290346423,61.67845871178101,13177600,64.62591609954833,67.43027030944825,hold,0.0,10000.0,0,10000.0,0.0,0.02,1,0.0
2024-11-14,61.1893310546875,61.737150556515424,61.07194249419404,61.737150556515424,15910800,64.26641025543213,67.27110145568848,hold,0.0,10000.0,0,10000.0,0.0,0.02,1,0.0
2024-11-15,60.3969612121582,61.26760029790654,60.054572581007555,61.130646338132486,26284300,63.840872573852536,67.0966682434082,hold,0.0,10000.0,0,10000.0,0.0,0.02,1,0.0
2024-11-18,60.514347076416016,60.78825498369316,60.220873785516886,60.50456251874734,16062100,63.46962833404541,66.91078620910645,hold,0.0,10000.0,0,10000.0,0.0,0.02,1,0.0
2024-11-19,61.22846603393555,61.25781224315045,60.28935002190574,60.55347709998575,16254800,63.13409004211426,66.74501586914063,hold,0.0,10000.0,0,10000.0,0.0,0.02,1,0.0
2024-11-20,61.61976623535156,61.63932788701707,60.67086566581617,61.33607377390269,18904900,62.888550186157225,66.5962045288086,hold,0.0,10000.0,0,10000.0,0.0,0.02,1,0.0
2024-11-21,62.37301254272461,62.421927866698375,61.580635045677504,61.7762851464267,17292300,62.715400505065915,66.4595433807373,hold,0.0,10000.0,0,10000.0,0.0,0.02,1,0.0
2024-11-22,62.52953338623047,63.07735666692305,62.265410035316584,62.842572062298764,19562200,62.568663597106934,66.3130019378662,hold,0.0,10000.0,0,10000.0,0.0,0.02,1,0.0
2024-11-25,62.97952651977539,63.30234975613985,62.45127608201191,62.920834099865786,36805300,62.45665435791015,66.16196060180664,hold,0.0,10000.0,0,10000.0,0.0,0.02,1,0.0
2024-11-26,63.14583206176758,63.23387068872254,62.66648577024422,62.91104746302654,14473300,62.407253456115725,66.0201148223877,hold,0.0,10000.0,0,10000.0,0.0,0.02,1,0.0
2024-11-27,63.0284423828125,63.6838659554951,62.85235765815126,63.546911998917565,13263400,62.33437442779541,65.87689933776855,hold,0.0,10000.0,0,10000.0,0.0,0.02,1,0.0
2024-11-29,63.16150665283203,63.329068141159034,62.85594870585927,63.102361553393386,10648400,62.2979850769043,65.75845359802246,hold,0.0,10000.0,0,10000.0,0.0,0.02,1,0.0
2024-12-02,62.7376708984375,63.26993168258587,62.44196795612011,63.13193898151461,16500100,62.25507755279541,65.61157508850097,hold,0.0,10000.0,0,10000.0,0.0,0.02,1,0.0
2024-12-03,62.60953140258789,63.16150595098024,62.1265532027422,62.80666543844366,24874500,62.2008716583252,65.4603727722168,hold,0.0,10000.0,0,10000.0,0.0,0.02,1,0.0
2024-12-04,61.31830978393555,62.441968950575976,61.012755586702646,62.3729725989415,28137700,62.069387435913086,65.29117210388183,hold,0.0,10000.0,0,10000.0,0.0,0.02,1,0.0
2024-12-05,62.018131256103516,62.21526529819288,61.20988506755431,61.57458436142633,21040400,62.05457782745361,65.13362014770507,hold,0.0,10000.0,0,10000.0,0.0,0.02,1,0.0
2024-12-06,61.633724212646484,62.45182920144993,61.614010431709374,61.92942716668389,15581100,62.02250442504883,64.96935829162598,hold,0.0,10000.0,0,10000.0,0.0,0.02,1,0.0
2024-12-09,61.70271682739258,62.027988553118035,61.01275333649438,61.79142695622506,22348300,61.981163597106935,64.79884582519531,hold,0.0,10000.0,0,10000.0,0.0,0.02,1,0.0
2024-12-10,62.00827407836914,62.136411765250756,60.90432874528632,61.80128503341967,14949400,61.9824914932251,64.63307487487793,hold,0.0,10000.0,0,10000.0,0.0,0.02,1,0.0
2024-12-11,61.74214553833008,62.7179569736857,61.505587697044476,62.09698606027758,32819000,61.97833881378174,64.46491607666016,hold,0.0,10000.0,0,10000.0,0.0,0.02,1,0.0
2024-12-12,62.92494583129883,63.003797191478505,62.313833689834794,62.63910166060696,17542100,62.043108749389646,64.3341089630127,hold,0.0,10000.0,0,10000.0,0.0,0.02,1,0.0
2024-12-13,62.215267181396484,62.92494825039201,62.205412171002315,62.65881784951869,13429000,62.094405555725096,64.19869506835937,hold,0.0,10000.0,0,10000.0,0.0,0.02,1,0.0
2024-12-16,61.6534309387207,62.94465524220516,61.45629691192645,62.32368437380986,24559700,62.157229042053224,64.05889213562011,hold,0.0,10000.0,0,10000.0,0.0,0.02,1,0.0
2024-12-17,62.49125289916992,62.63910060702719,61.426731354506295,61.55486904266447,21902400,62.25607433319092,63.95854095458984,hold,0.0,10000.0,0,10000.0,0.0,0.02,1,0.0
2024-12-18,61.94913101196289,62.72780836126665,61.88999343506617,61.909707214038036,20946100,62.292107582092285,63.844021224975585,hold,0.0,10000.0,0,10000.0,0.0,0.02,1,0.0
2024-12-19,61.55487060546875,62.26454789324334,61.50558803493177,61.801287218172774,21300600,62.288862800598146,63.713985977172854,hold,0.0,10000.0,0,10000.0,0.0,0.02,1,0.0
2024-12-20,61.6534309387207,62.156122895046984,61.38730056655129,61.574579584014295,42458100,62.252883720397946,63.59218276977539,hold,0.0,10000.0,0,10000.0,0.0,0.02,1,0.0
2024-12-23,61.48587417602539,61.86042471964241,60.64805543789246,61.6041530971666,13010800,62.200700759887695,63.46076759338379,hold,0.0,10000.0,0,10000.0,0.0,0.02,1,0.0
2024-12-24,61.93928146362305,61.93928146362305,61.1211764842439,61.30845552097943,5019100,62.14868850708008,63.323355712890624,hold,0.0,10000.0,0,10000.0,0.0,0.02,1,0.0
2024-12-26,61.67314529418945,61.84071053453828,61.50558381385949,61.722427861344215,7943800,62.07505416870117,63.18062110900879,hold,0.0,10000.0,0,10000.0,0.0,0.02,1,0.0
2024-12-27,61.55487060546875,62.0477038308768,61.31830900286448,61.55487060546875,8542800,62.00137557983398,63.03102104187012,hold,0.0,10000.0,0,10000.0,0.0,0.02,1,0.0
2024-12-30,61.14088821411133,61.446446164838434,60.79590646330579,61.446446164838434,8972200,61.900344657897946,62.88624984741211,hold,0.0,10000.0,0,10000.0,0.0,0.02,1,0.0
2024-12-31,61.36758804321289,61.535153285422325,60.914182404324364,61.13103021423579,9256700,61.83184051513672,62.735447311401366,hold,0.0,10000.0,0,10000.0,0.0,0.02,1,0.0
2025-01-02,60.953609466552734,61.850565727498974,60.73676165840566,61.456297669053185,12991000,61.74904441833496,62.59573486328125,hold,0.0,10000.0,0,10000.0,0.0,0.02,1,0.0
2025-01-03,60.86490249633789,61.190174225418964,60.736764806698154,61.012753965923665,10403200,61.72637405395508,62.45424827575684,hold,0.0,10000.0,0,10000.0,0.0,0.02,1,0.0
2025-01-06,59.938377380371094,60.68748221799265,59.79052591083124,60.61848586821247,17924200,61.622386360168456,62.322404556274414,hold,0.0,10000.0,0,10000.0,0.0,0.02,1,0.0
2025-01-07,59.96794509887695,60.835332600641166,59.75109728343116,60.23407548328253,17799600,61.53909740447998,62.20504333496094,hold,0.0,10000.0,0,10000.0,0.0,0.02,1,0.0
2025-01-08,60.82547378540039,60.88461512411934,60.05665518214904,60.11579652086799,14412400,61.49523525238037,62.112267379760745,hold,0.0,10000.0,0,10000.0,0.0,0.02,1,0.0
2025-01-10,60.19464874267578,60.76633707843657,59.85952200516544,60.69734072895083,22425000,61.404553985595705,62.01176612854004,hold,0.0,10000.0,0,10000.0,0.0,0.02,1,0.0
2025-01-13,60.76633834838867,60.9634686310283,59.83980947589828,60.25379134148357,18016200,61.355763626098636,61.94441589355469,hold,0.0,10000.0,0,10000.0,0.0,0.02,1,0.0
2025-01-14,61.1507453918457,61.18031418113936,60.42135058911069,60.77619110071048,16658300,61.26705360412598,61.87771034240723,hold,0.0,10000.0,0,10000.0,0.0,0.02,1,0.0
2025-01-15,60.88461685180664,61.722431827328116,60.79590672122044,61.43659141545623,16187200,61.200521087646486,61.81761680603027,hold,0.0,10000.0,0,10000.0,0.0,0.02,1,0.0
2025-01-16,61.35773849487305,61.40702106696146,60.44106836595533,60.53963351013217,12585500,61.1857364654541,61.77285514831543,hold,0.0,10000.0,0,10000.0,0.0,0.02,1,0.0
2025-01-17,61.81113815307617,61.870279489832846,61.27887740232274,61.416873854754975,17948900,61.15173072814942,61.73520492553711,hold,0.0,10000.0,0,10000.0,0.0,0.02,1,0.0
2025-01-21,61.52529525756836,62.323686400033324,61.407016341653936,61.99841844126393,19817100,61.13053894042969,61.686750946044924,hold,0.0,10000.0,0,10000.0,0.0,0.02,1,0.0
2025-01-22,60.894474029541016,61.39716604076365,60.77619510455537,61.229600783683026,18191900,61.097519111633304,61.65835395812988,hold,0.0,10000.0,0,10000.0,0.0,0.02,1,0.0
2025-01-23,60.64805221557617,61.09160284631313,60.49034574242736,60.91418259401834,16528400,61.04725017547607,61.625811157226565,hold,0.0,10000.0,0,10000.0,0.0,0.02,1,0.0
2025-01-24,61.03246307373047,61.12117320215236,60.55934364215337,60.83533279725427,19244600,61.02457962036133,61.59586975097656,hold,0.0,10000.0,0,10000.0,0.0,0.02,1,0.0
2025-01-27,62.95451736450195,63.26007532855769,61.574586541067276,61.96885087918322,20742900,61.075341415405276,61.61532577514649,hold,0.0,10000.0,0,10000.0,0.0,0.02,1,0.0
2025-01-28,61.46615982055664,63.12207974111189,61.38730470052112,62.59967397092423,14956000,61.064992141723636,61.608144989013674,hold,0.0,10000.0,0,10000.0,0.0,0.02,1,0.0
2025-01-29,61.92942428588867,62.45182629635394,61.65343512562668,61.663293895646255,11325600,61.08371982574463,61.61414253234863,hold,0.0,10000.0,0,10000.0,0.0,0.02,1,0.0
2025-01-30,63.131935119628906,63.36849294698926,62.32368522276091,62.93479733013049,13201000,61.183272171020505,61.65299461364746,hold,0.0,10000.0,0,10000.0,0.0,0.02,1,0.0
2025-01-31,62.57010269165039,63.01365332415644,62.48139256514918,62.786950503102,12096800,61.243397903442386,61.69645744323731,hold,0.0,10000.0,0,10000.0,0.0,0.02,1,0.0
2025-02-03,62.44196701049805,62.717956168480086,61.535155697180194,62.27440552174024,12067900,61.31781578063965,61.735009841918945,hold,0.0,10000.0,0,10000.0,0.0,0.02,1,0.0
2025-02-04,61.77171325683594,62.71795588561969,61.456300300581034,62.69824210585138,15678000,61.36315631866455,61.74587478637695,hold,0.0,10000.0,0,10000.0,0.0,0.02,1,0.0
2025-02-05,62.215267181396484,62.3828324382512,61.692865150063234,61.821002845302814,10686800,61.47700080871582,61.75778480529785,hold,0.0,10000.0,0,10000.0,0.0,0.02,1,0.0
2025-02-06,62.45182418823242,62.82637847593229,62.008273552800866,62.70809579980457,13423400,61.60119476318359,61.759361038208006,hold,0.0,10000.0,0,10000.0,0.0,0.02,1,0.0
2025-02-07,62.92494583129883,63.003797191478505,62.36311625994948,62.52082274032791,13184700,61.70616836547852,61.76726928710937,hold,0.0,10000.0,0,10000.0,0.0,0.02,1,0.0
2025-02-10,63.62477111816406,63.72333625723956,62.74752483630838,63.181216712267215,16154300,61.87767448425293,61.78017417907715,buy,0.9480090896606446,519.9091033935547,149,10000.0,0.0,0.02,1,1.0
2025-02-11,66.63105010986328,66.70004646014121,65.45811215513855,66.5324849694717,30589100,62.17091007232666,61.849878540039064,hold,0.9502381020707865,519.9091033935547,149,10447.935569763184,0.9502381020707865,0.02,1,0.0
2025-02-12,67.72514343261719,67.83356734781148,65.9115207058008,65.9115207058008,26033800,62.499629974365234,61.94381256103516,hold,0.9510026119112773,519.9091033935547,149,10610.955474853516,0.9510026119112773,0.02,1,0.0
2025-02-13,68.50382232666016,68.61224624417595,67.774431216131,68.01098907251152,24393100,62.88059024810791,62.05065887451172,hold,0.9515325683658643,519.9091033935547,149,10726.978630065918,0.9515325683658643,0.02,1,0.0
2025-02-14,67.88285064697266,69.02621981060712,67.77442673662307,68.3658250985056,20779100,63.20684585571289,62.153562469482424,hold,0.9511108787778791,519.9091033935547,149,10634.45384979248,0.9511108787778791,0.02,1,0.0
2025-02-18,68.06027221679688,68.37568518387094,67.43929753284228,67.56743898574125,15569100,63.51930255889893,62.2625772857666,hold,0.9512321091583932,519.9091033935547,149,10660.889663696289,0.9512321091583932,0.02,1,0.0
2025-02-19,69.06564331054688,69.12478088724713,68.1785420598544,68.21796961766714,16032300,63.89631996154785,62.41752395629883,hold,0.9519078703137704,519.9091033935547,149,10810.689956665039,0.9519078703137704,0.02,1,0.0
2025-02-20,69.03607940673828,69.06564819718051,68.42496349745873,68.71080767179731,13398000,64.30340023040772,62.557882919311524,hold,0.9518882662708845,519.9091033935547,149,10806.284934997559,0.9518882662708845,0.02,1,0.0
2025-02-21,70.32730102539062,70.57371764252237,69.1247867305816,69.312065766014,21662300,64.78736267089843,62.7317544555664,hold,0.9527298505570183,519.9091033935547,149,10998.676956176758,0.9527298505570183,0.02,1,0.0
2025-02-24,69.57819366455078,70.70186037746917,69.32192579251748,69.82461028614792,21418400,65.21464920043945,62.88926399230957,hold,0.9522452245756114,519.9091033935547,149,10887.059959411621,0.9522452245756114,0.02,1,0.0
2025-02-25,70.46528625488281,70.74127163358949,69.71618523268971,69.84431915279278,21555600,65.59018764495849,63.058404235839845,hold,0.9528180476619548,519.9091033935547,149,11019.236755371094,0.9528180476619548,0.02,1,0.0
2025-02-26,69.78518676757812,70.25830244625212,69.51905261829064,70.24844367626862,14531200,66.00613899230957,63.2192650604248,hold,0.9523801270021469,519.9091033935547,149,10917.901931762695,0.9523801270021469,0.02,1,0.0
2025-02-27,69.85418701171875,70.51458175670516,69.41063257819108,69.7063355338762,16789500,66.40237712860107,63.3578498840332,hold,0.9524249269151777,519.9091033935547,149,10928.182968139648,0.9524249269151777,0.02,1,0.0
2025-02-28,70.18930053710938,70.54414102802883,69.54861589961382,70.42585835770984,22167400,66.7552453994751,63.51733055114746,hold,0.9526413132933572,519.9091033935547,149,10978.114883422852,0.9526413132933572,0.02,1,0.0
2025-03-03,71.28339385986328,71.32282141833014,68.73052148944659,69.23320593981384,21717600,67.19090995788574,63.70992980957031,hold,0.9533342775881686,519.9091033935547,149,11141.134788513184,0.9533342775881686,0.02,1,0.0
2025-03-04,69.18392944335938,71.6086679698035,68.87836773504115,71.03697963298937,25411900,67.5280080795288,63.8437833404541,hold,0.9519861471468616,519.9091033935547,149,10828.314590454102,0.9519861471468616,0.02,1,0.0
2025-03-05,69.07550811767578,69.72604407835301,68.83894275012189,68.89808785202955,23933600,67.8931978225708,63.98631088256836,hold,0.9519144081858705,519.9091033935547,149,10812.159812927246,0.9519144081858705,0.02,1,0.0
2025-03-06,69.4500503540039,69.51904669793628,68.45452523151899,69.40077154835934,21694000,68.25493698120117,64.14421447753907,hold,0.9521613267471931,519.9091033935547,149,10867.966606140137,0.9521613267471931,0.02,1,0.0
2025-03-07,70.40615844726562,70.79056778094352,68.65167327918934,68.65167327918934,28393300,68.65265369415283,64.31926902770996,hold,0.9527802948068115,519.9091033935547,149,11010.426712036133,0.9527802948068115,0.02,1,0.0
2025-03-10,70.42586517333984,72.17049900920786,70.29773124145528,70.92855717079787,25251200,69.02769966125489,64.49806884765626,hold,0.9527928841787733,519.9091033935547,149,11013.363014221191,0.9527928841787733,0.02,1,0.0
2025-03-11,70.02174377441406,71.00741019997726,69.59790691062037,70.84969996226889,28076400,69.34754829406738,64.65971809387207,hold,0.9525333667134018,519.9091033935547,149,10953.14892578125,0.9525333667134018,0.02,1,0.0
2025-03-12,68.93750762939453,69.7161849562508,68.74036984535891,69.36134446502422,18923300,69.46287117004394,64.80500534057617,hold,0.9518227869578464,519.9091033935547,149,10791.59774017334,0.9518227869578464,0.02,1,0.0
2025-03-13,68.62210083007812,69.24306798522295,68.28697032727426,69.24306798522295,15746600,69.50771903991699,64.94634994506836,hold,0.9516120655521118,519.9091033935547,149,10744.602127075195,0.9516120655521118,0.02,1,0.0
2025-03-14,68.67174530029297,68.77103780147345,67.89724560980787,68.02633267932151,14205100,69.51611518859863,65.09696708679199,hold,0.9516453548787849,519.9091033935547,149,10751.999153137207,0.9516453548787849,0.02,1,0.0
2025-03-17,69.62496948242188,69.67461194705332,68.59231076637795,68.75117725894411,15634800,69.6032211303711,65.26211471557617,hold,0.9522757763132639,519.9091033935547,149,10894.029556274414,0.9522757763132639,0.02,1,0.0
2025-03-18,68.89019012451172,69.69447685860501,68.81076066386908,69.61503982242965,12657600,69.64471702575683,65.42084632873535,hold,0.9517912915053358,519.9091033935547,149,10784.5474319458,0.9517912915053358,0.02,1,0.0
2025-03-19,68.7908935546875,68.89018605627673,68.05611995228844,68.06605147510706,14780000,69.63097953796387,65.57936614990234,hold,0.9517250637098498,519.9091033935547,149,10769.752243041992,0.9517250637098498,0.02,1,0.0
2025-03-20,69.21785736083984,69.31714986132644,68.60223173697145,68.82067978336127,16295300,69.64006843566895,65.76495574951171,hold,0.9520085522247781,519.9091033935547,149,10833.369850158691,0.9520085522247781,0.02,1,0.0
2025-03-21,68.1852035522461,69.4760288772238,67.69866496229167,69.21786229712171,47479500,69.53296356201172,65.9293009185791,hold,0.951317113385647,519.9091033935547,149,10679.504432678223,0.951317113385647,0.02,1,0.0
2025-03-24,68.46322631835938,68.59231339752436,67.84760821969363,68.31429134321948,12575400,69.47721519470215,66.08205596923828,hold,0.9515052227849237,519.9091033935547,149,10720.929824829102,0.9515052227849237,0.02,1,0.0
2025-03-25,68.32421112060547,68.59230921055784,68.11569459260492,68.4632221392725,12513900,69.37016143798829,66.24464721679688,hold,0.9514113475684758,519.9091033935547,149,10700.21656036377,0.9514113475684758,0.02,1,0.0
2025-03-26,69.52566528320312,69.8533373475951,68.41357717452553,68.4334326440953,14478200,69.35718536376953,66.41983375549316,hold,0.9522108688752396,519.9091033935547,149,10879.23323059082,0.9522108688752396,0.02,1,0.0
2025-03-27,70.24058532714844,70.48882036902113,69.57531723305736,69.68454125752393,11663400,69.37650527954102,66.60163055419922,hold,0.9526742548819825,519.9091033935547,149,10985.756317138672,0.9526742548819825,0.02,1,0.0
2025-03-28,69.87320709228516,70.81649728570197,69.03913335527216,70.31009564449883,17412900,69.3607006072998,66.7814023590088,hold,0.9524372613006444,519.9091033935547,149,10931.016960144043,0.9524372613006444,0.02,1,0.0
2025-03-31,71.1143798828125,71.43212044393248,69.99235260797278,70.23066371046215,24016900,69.35224990844726,66.97653518676758,hold,0.9532285568390804,519.9091033935547,149,11115.951705932617,0.9532285568390804,0.02,1,0.0
2025-04-01,71.36261749267578,71.40233601118204,70.68741782913507,71.17395642365427,15309100,69.46118431091308,67.16756477355958,hold,0.953383668800217,519.9091033935547,149,11152.939109802246,0.953383668800217,0.02,1,0.0
2025-04-02,70.82642364501953,71.84915080082584,70.5484016114643,71.45197322051882,14606500,69.54873008728028,67.3535873413086,hold,0.9530473283720933,519.9091033935547,149,11073.046226501465,0.9530473283720933,0.02,1,0.0
2025-04-03,72.66336059570312,73.42792117918617,71.80943145930108,71.96830551980943,24959600,69.70939559936524,67.58896507263184,hold,0.9541799095702025,519.9091033935547,149,11346.74983215332,0.9541799095702025,0.02,1,0.0
2025-04-04,69.43630981445312,72.49456750695835,69.29729878984223,71.90872883849867,26517300,69.66090316772461,67.76473022460938,hold,0.9521523130553272,519.9091033935547,149,10865.91926574707,0.9521523130553272,0.02,1,0.0
2025-04-07,67.88732147216797,68.8901855794701,65.58370060379325,65.76243013562974,34258400,69.53397598266602,67.90182739257813,hold,0.9511139410500977,519.9091033935547,149,10635.120002746582,0.9511139410500977,0.02,1,0.0
2025-04-08,67.93696594238281,69.48595778924907,67.28162935663869,68.47315455373662,22774400,69.42973709106445,68.00147636413574,hold,0.9511479190508979,519.9091033935547,149,10642.517028808594,0.9511479190508979,0.02,1,0.0
2025-04-09,69.45616149902344,69.97249462702848,66.80501307707883,67.44049417652175,27918700,69.4556697845459,68.16127639770508,hold,0.9521653345219365,519.9091033935547,149,10868.877166748047,0.9521653345219365,0.02,1,0.0
2025-04-10,70.26045227050781,70.70727234045317,68.49301988641076,69.69447664666176,22450200,69.53758735656739,68.32789695739746,hold,0.9526870036381146,519.9091033935547,149,10988.716491699219,0.9526870036381146,0.02,1,0.0
2025-04-11,70.92572021484375,71.34275328909958,70.04200402512097,70.40939463369834,19988200,69.65028610229493,68.48377265930176,hold,0.9531099802102868,519.9091033935547,149,11087.841415405273,0.9531099802102868,0.02,1,0.0
2025-04-14,71.93851470947266,72.14703881866504,70.42924893346859,70.79663953593544,13930200,69.76596336364746,68.6711408996582,hold,0.9537395879975169,519.9091033935547,149,11238.74779510498,0.9537395879975169,0.02,1,0.0
2025-04-15,71.3526840209961,72.11724464865118,71.21367299778608,72.10732070094518,14965500,69.88908805847169,68.84935523986816,hold,0.9533774816063509,519.9091033935547,149,11151.459022521973,0.9533774816063509,0.02,1,0.0
2025-04-16,71.1739501953125,72.15695882183884,70.88599664299021,71.84914979976735,15276200,70.00824089050293,69.0373999786377,hold,0.9532658735728887,519.9091033935547,149,11124.827682495117,0.9532658735728887,0.02,1,0.0
2025-04-17,72.48463439941406,72.91159898725383,71.2136721590164,71.3924016975431,20754500,70.17157974243165,69.24278732299804,hold,0.9540721193382133,519.9091033935547,149,11320.11962890625,0.9540721193382133,0.02,1,0.0
2025-04-21,72.25625610351562,72.95131879925056,71.31296592959357,72.86195024063447,16037200,70.37513236999511,69.43887596130371,hold,0.953933643518689,519.9091033935547,149,11286.091262817383,0.953933643518689,0.02,1,0.0
2025-04-22,73.37828063964844,73.85488768259768,72.40519593236749,72.48463296470315,15613500,70.62088508605957,69.64794265747071,hold,0.954606067009489,519.9091033935547,149,11453.272918701172,0.954606067009489,0.02,1,0.0
2025-04-23,72.78251647949219,73.42792152059484,71.86900577838598,72.7725849567812,16353900,70.8438003540039,69.83109756469726,hold,0.9542514921283138,519.9091033935547,149,11364.50405883789,0.9542514921283138,0.02,1,0.0
2025-04-24,72.00801849365234,72.91159769337268,71.78957801758058,72.50448858346817,16893900,70.96791801452636,69.93863693237304,hold,0.9537821759037268,519.9091033935547,149,11249.103858947754,0.9537821759037268,0.02,1,0.0
2025-04-25,71.40233612060547,72.40520030617725,70.6278363718458,72.13710977526519,16316000,71.02600555419922,70.01218078613282,hold,0.9534083916697599,519.9091033935547,149,11158.85718536377,0.9534083916697599,0.02,1,0.0
2025-04-28,71.2831802368164,71.74986335841612,70.80656559173742,71.5711338134531,15997500,71.09650421142578,70.06776794433594,hold,0.9533341442654444,519.9091033935547,149,11141.1029586792,0.9533341442654444,0.02,1,0.0
2025-04-29,71.83921813964844,72.19667719870706,69.78383233782739,70.68741150809562,16244100,71.13274612426758,70.14689529418945,hold,0.9536786084515086,519.9091033935547,149,11223.952606201172,0.9536786084515086,0.02,1,0.0
2025-04-30,72.03781127929688,72.96124592651731,71.18388213990885,72.83215885801984,21074700,71.16650581359863,70.22644607543945,hold,0.9538004072022169,519.9091033935547,149,11253.542984008789,0.9538004072022169,0.02,1,0.0
2025-05-01,70.78670501708984,71.53141013815899,70.72713103157463,71.4916916226381,18034200,71.16451988220214,70.26086730957032,hold,0.9530222207330816,519.9091033935547,149,11067.128150939941,0.9530222207330816,0.02,1,0.0
2025-05-02,71.1441650390625,71.31296305064963,70.59804491271312,70.995222497737,12629600,71.08856010437012,70.30302902221679,hold,0.9532472226522716,519.9091033935547,149,11120.389694213867,0.9532472226522716,0.02,1,0.0
2025-05-05,71.19380950927734,71.29310958998163,70.5086859207197,71.16402251527909,11932700,71.17643508911132,70.32035919189452,hold,0.9532783008460944,519.9091033935547,149,11127.786720275879,0.9532783008460944,0.02,1,0.0
2025-05-06,71.21366882324219,71.39239835339689,70.65762476299741,71.17395030814868,12705500,71.34275245666504,70.35306869506836,hold,0.9532907215118775,519.9091033935547,149,11130.74575805664,0.9532907215118775,0.02,1,0.0
2025-05-07,71.88887023925781,72.1768237992886,71.16402057772757,71.21367061672791,15018200,71.54034767150878,70.38154037475586,hold,0.9537091206494429,519.9091033935547,149,11231.350769042969,0.9537091206494429,0.02,1,0.0
2025-05-08,70.66754913330078,71.95837436720703,70.62783061796942,71.69027628260345,14371100,71.60091705322266,70.39918762207031,hold,0.952946736443387,519.9091033935547,149,11049.373924255371,0.952946736443387,0.02,1,0.0
2025-05-09,70.02214050292969,70.64769768559819,69.96256651430703,70.48882361522757,11228900,71.58900146484375,70.40254669189453,hold,0.9525336228825231,519.9091033935547,149,10953.208038330078,0.9525336228825231,0.02,1,0.0
2025-05-12,69.03913116455078,69.8334863578777,68.2149889771923,69.65475681815578,21539000,71.4946720123291,70.37954330444336,hold,0.9518902906537463,519.9091033935547,149,10806.739646911621,0.9518902906537463,0.02,1,0.0
2025-05-13,68.47315216064453,69.1980018068266,68.3837911829749,69.09870173092852,14389100,71.3214038848877,70.32333847045898,hold,0.9515119117087034,519.9091033935547,149,10722.40877532959,0.9515119117087034,0.02,1,0.0
2025-05-14,68.67174530029297,68.85046725709847,68.09583818770106,68.39371569124249,16286800,71.18735694885254,70.31309478759766,hold,0.9516453548787849,519.9091033935547,149,10751.999153137207,0.9516453548787849,0.02,1,0.0
2025-05-15,71.10444641113281,71.2236019591122,69.10863454178894,69.2079270440056,19817100,71.18388175964355,70.35367355346679,hold,0.953222328399216,519.9091033935547,149,11114.471618652344,0.953222328399216,0.02,1,0.0
2025-05-16,71.49169158935547,71.74985815235495,70.9257160006277,71.35268057286319,18441200,71.13423461914063,70.39450637817383,hold,0.9534639152584145,519.9091033935547,149,11172.17115020752,0.9534639152584145,0.02,1,0.0
2025-05-19,71.42218780517578,71.66049132841037,71.13423424248163,71.52148030856249,13282800,71.09253120422363,70.41482696533203,hold,0.9534207385294642,519.9091033935547,149,11161.815086364746,0.9534207385294642,0.02,1,0.0
2025-05-20,71.18388366699219,71.62077219322597,70.92571709999108,71.29310769243372,12137800,70.98281135559083,70.42998733520508,hold,0.9532720904228547,519.9091033935547,149,11126.30776977539,0.9532720904228547,0.02,1,0.0
2025-05-21,71.3427505493164,71.57113012437136,71.0746600334568,71.1838840595006,12094400,70.91082305908203,70.45640747070313,hold,0.9533712927698652,519.9091033935547,149,11149.9789352417,0.9533712927698652,0.02,1,0.0
2025-05-22,70.63776397705078,71.48176161706982,70.45903444117937,71.33281907458824,11101800,70.84231033325196,70.49041259765625,hold,0.9529278298753934,519.9091033935547,149,11044.935935974121,0.9529278298753934,0.02,1,0.0
2025-05-23,71.26331329345703,71.4718373974566,70.19094365784468,71.0349412946497,12822100,70.83535919189453,70.54323684692383,hold,0.953321741921385,519.9091033935547,149,11138.142784118652,0.953321741921385,0.02,1,0.0
2025-05-27,71.27324676513672,71.71014287988916,71.0547987077605,71.23352824783808,10666100,70.83486251831054,70.5952668762207,hold,0.9533279439173452,519.9091033935547,149,11139.622871398926,0.9533279439173452,0.02,1,0.0
2025-05-28,70.64769744873047,71.39240260614744,70.54840494284807,71.19381001885002,8710900,70.77528648376465,70.61572143554687,hold,0.9529341369817083,519.9091033935547,149,11046.416023254395,0.9529341369817083,0.02,1,0.0
2025-05-29,70.98529052734375,71.15409611339906,69.96256336583893,70.49875196591115,10291100,70.722660446167,70.65762344360351,hold,0.9531474863215058,519.9091033935547,149,11096.717391967773,0.9531474863215058,0.02,1,0.0
2025-05-30,71.59098815917969,71.95837876680815,71.10444957380456,71.10444957380456,28019500,70.76287460327148,70.71362533569337,hold,0.9535254610022492,519.9091033935547,149,11186.966339111328,0.9535254610022492,0.02,1,0.0
2025-06-02,71.49169158935547,71.53141010485787,70.85621049238155,71.5214785820992,10202700,70.78025093078614,70.75910202026367,hold,0.9534639152584145,519.9091033935547,149,11172.17115020752,0.9534639152584145,0.02,1,0.0
2025-06-03,70.65763092041016,71.27324901917675,69.97249973252315,71.20374350558913,20139800,70.75344200134278,70.80855056762695,sell,0.0,11047.896110534668,0,11047.896110534668,0.9529404423980963,0.02,1,1.0
2025-06-04,70.86614227294922,71.34274930964742,70.18101113522177,70.75691824880333,13565900,70.73606567382812,70.85660888671875,hold,0.0,11047.896110534668,0,11047.896110534668,0.0,0.02,1,0.0
2025-06-05,70.40939331054688,70.95550587594319,70.32995627631495,70.87606884171126,13531400,70.66209182739257,70.89831253051757,hold,0.0,11047.896110534668,0,11047.896110534668,0.0,0.02,1,0.0
2025-06-06,70.84628295898438,70.97537003551913,70.43918140934227,70.57819243366227,9524000,70.67102851867676,70.9247248840332,hold,0.0,11047.896110534668,0,11047.896110534668,0.0,0.02,1,0.0
2025-06-09,71.26331329345703,71.3228948555422,70.58811366890654,70.84628023652265,12281300,70.73308715820312,70.94517944335938,hold,0.0,11047.896110534668,0,11047.896110534668,0.0,0.02,1,0.0
2025-06-10,71.83921813964844,72.17682172899586,71.25338708901643,71.39239810359122,12265000,70.873091506958,70.98449966430664,hold,0.0,11047.896110534668,0,11047.896110534668,0.0,0.02,1,0.0
2025-06-11,71.56119537353516,71.84914892234093,71.25338635522264,71.75978037073057,12718500,71.02749366760254,70.9934359741211,buy,0.9456944942280509,599.9615859985352,146,11047.896110534668,0.0,0.02,1,1.0
2025-06-12,71.72999572753906,71.88886979092345,71.09451462506614,71.73992725038366,12806900,71.18040618896484,71.00078353881835,hold,0.9458153654119978,599.9615859985352,146,11072.540962219238,0.9458153654119978,0.02,1,0.0
2025-06-13,71.0199966430664,71.87999725341797,70.7300033569336,71.7699966430664,17467200,71.17618370056152,71.0046549987793,hold,0.9453033011522438,599.9615859985352,146,10968.88109588623,0.9453033011522438,0.02,1,0.0
2025-06-16,70.5199966430664,71.62000274658203,70.23999786376953,71.19999694824219,15045900,71.12759895324707,70.96178771972656,hold,0.9449368453346052,599.9615859985352,146,10895.88109588623,0.9449368453346052,0.02,1,0.0
2025-06-17,69.62000274658203,70.45999908447266,69.58000183105469,70.37999725341797,15437000,71.03748970031738,70.96546157836914,hold,0.9442647043561296,599.9615859985352,146,10764.481986999512,0.9442647043561296,0.02,1,0.0
2025-06-18,69.20999908447266,70.0,69.08999633789062,70.0,16227600,70.93879547119141,70.99191513061524,sell,0.0,10704.621452331543,0,10704.621452331543,0.9439530310651145,0.02,1,1.0
2025-06-20,68.83999633789062,69.55999755859375,68.77999877929688,69.08999633789062,40859400,70.81365776062012,71.00997573852538,hold,0.0,10704.621452331543,0,10704.621452331543,0.0,0.02,1,0.0
2025-06-23,69.73999786376953,69.80999755859375,68.97000122070312,69.13999938964844,21822800,70.76876945495606,71.01565246582031,hold,0.0,10704.621452331543,0,10704.621452331543,0.0,0.02,1,0.0
2025-06-24,70.20999908447266,70.3499984741211,69.69000244140625,69.94000244140625,15216100,70.71610374450684,71.01464340209961,hold,0.0,10704.621452331543,0,10704.621452331543,0.0,0.02,1,0.0
2025-06-25,69.62999725341797,70.0199966430664,69.43000030517578,69.93000030517578,12540400,70.63394126892089,70.98872894287109,hold,0.0,10704.621452331543,0,10704.621452331543,0.0,0.02,1,0.0
2025-06-26,69.47000122070312,69.91999816894531,69.1500015258789,69.69999694824219,14454100,70.57505645751954,70.9393586730957,hold,0.0,10704.621452331543,0,10704.621452331543,0.0,0.02,1,0.0
2025-06-27,70.33000183105469,70.55999755859375,69.47000122070312,69.58999633789062,23470700,70.54229202270508,70.91890502929688,hold,0.0,10704.621452331543,0,10704.621452331543,0.0,0.02,1,0.0
2025-06-30,70.75,70.79000091552734,70.08999633789062,70.12999725341797,15429000,70.5002426147461,70.91042602539062,hold,0.0,10704.621452331543,0,10704.621452331543,0.0,0.02,1,0.0
2025-07-01,71.66999816894531,72.44999694824219,70.9000015258789,70.98999786376953,21729300,70.50915794372558,70.89413330078125,hold,0.0,10704.621452331543,0,10704.621452331543,0.0,0.02,1,0.0
2025-07-02,70.91000366210938,71.83000183105469,70.73999786376953,71.69000244140625,13050200,70.52177658081055,70.86720825195313,hold,0.0,10704.621452331543,0,10704.621452331543,0.0,0.02,1,0.0
2025-07-03,71.3499984741211,71.4000015258789,70.44999694824219,71.04000091552734,9440500,70.54596939086915,70.82664260864257,hold,0.0,10704.621452331543,0,10704.621452331543,0.0,0.02,1,0.0
2025-07-07,71.01000213623047,71.37000274658203,70.80000305175781,71.37000274658203,16984700,70.57599983215331,70.79119232177734,hold,0.0,10704.621452331543,0,10704.621452331543,0.0,0.02,1,0.0
2025-07-08,70.23999786376953,70.68000030517578,69.87999725341797,70.68000030517578,17115500,70.54568557739258,70.75583190917969,hold,0.0,10704.621452331543,0,10704.621452331543,0.0,0.02,1,0.0
2025-07-09,69.4800033569336,70.25,68.97000122070312,70.16000366210938,33704100,70.4565200805664,70.71738525390624,hold,0.0,10704.621452331543,0,10704.621452331543,0.0,0.02,1,0.0
2025-07-10,69.7699966430664,69.8499984741211,69.16000366210938,69.29000091552734,14608400,70.35305900573731,70.68712158203125,hold,0.0,10704.621452331543,0,10704.621452331543,0.0,0.02,1,0.0
2025-07-11,69.87000274658203,70.16000366210938,69.25,69.56999969482422,12916700,70.26849937438965,70.64773727416993,hold,0.0,10704.621452331543,0,10704.621452331543,0.0,0.02,1,0.0
2025-07-14,69.47000122070312,70.08000183105469,69.2699966430664,69.80000305175781,13983200,70.15549964904785,70.59638107299804,hold,0.0,10704.621452331543,0,10704.621452331543,0.0,0.02,1,0.0
2025-07-15,69.36000061035156,69.55000305175781,69.1500015258789,69.51000213623047,12639800,70.0724998474121,70.56784698486328,hold,0.0,10704.621452331543,0,10704.621452331543,0.0,0.02,1,0.0
2025-07-16,69.2699966430664,69.5,68.79000091552734,69.3499984741211,13178300,70.0099998474121,70.53036361694336,hold,0.0,10704.621452331543,0,10704.621452331543,0.0,0.02,1,0.0
2025-07-17,70.58999633789062,70.69000244140625,69.51000213623047,69.80999755859375,20464700,70.05849952697754,70.51828735351563,hold,0.0,10704.621452331543,0,10704.621452331543,0.0,0.02,1,0.0
2025-07-18,69.8499984741211,70.69999694824219,69.83000183105469,70.44000244140625,14920200,70.09049949645996,70.4910139465332,hold,0.0,10704.621452331543,0,10704.621452331543,0.0,0.02,1,0.0
