date,close,high,low,open,volume,tr,atr,rolling_high,rolling_low,upper_threshold,lower_threshold,signal,position_pct,cash,shares,portfolio_value,equity_pct,risk_budget,max_position_pct,signal_strength
2024-08-16,81.48297882080078,82.17807479616401,80.70956027854422,81.14031945795529,13794200,1.468514517619795,2.028648077042622,81.3165306150631,69.2649256844396,84.35950273062703,66.22195356887568,hold,0.0,10000.0,0,10000.0,0.0,0.02,1,0.0
2024-08-19,81.53191375732422,82.22700963834619,81.17946972339054,81.48296776159737,9627300,1.0475399149556495,2.0314453134203996,82.17807479616401,69.2649256844396,85.22524276629461,66.217757714309,hold,0.0,10000.0,0,10000.0,0.0,0.02,1,0.0
2024-08-20,81.80603790283203,82.13890504318036,81.03261944032448,81.73750753117947,7863100,1.106285602855877,2.00487238755503,82.22700963834619,69.2649256844396,85.23431821967873,66.25761710310707,hold,0.0,10000.0,0,10000.0,0.0,0.02,1,0.0
2024-08-21,82.23680877685547,82.47176899625629,81.47318246186478,81.91373380689765,6915900,0.9985865343915066,1.9643134162545692,82.22700963834619,69.2649256844396,85.17347976272805,66.31845556005774,hold,0.0,10000.0,0,10000.0,0.0,0.02,1,0.0
2024-08-22,81.65918731689453,82.90252611577648,81.4633809321396,82.67735064062077,8485500,1.4391451836368816,1.9125659180435883,82.47176899625629,69.2649256844396,85.34061787332168,66.39607680737421,hold,0.0,10000.0,0,10000.0,0.0,0.02,1,0.0
2024-08-23,82.28575897216797,82.47176571505328,81.47317922039132,81.59065559079248,9219700,0.9985864946619643,1.7559241313806422,82.90252611577648,69.2649256844396,85.53641231284745,66.63103948736864,hold,0.0,10000.0,0,10000.0,0.0,0.02,1,0.0
2024-08-26,82.51093292236328,82.73610843055904,81.62982273480523,81.71793748818651,7853300,1.1062856957538116,1.7076736670071802,82.90252611577648,69.2649256844396,85.46403661628725,66.70341518392884,hold,0.0,10000.0,0,10000.0,0.0,0.02,1,0.0
2024-08-27,83.4997329711914,83.5976324411997,81.85499647959922,82.30534001703806,14954000,1.7426359616004845,1.7125680668922973,82.90252611577648,69.2649256844396,85.47137821611493,66.69607358410116,hold,0.0,10000.0,0,10000.0,0.0,0.02,1,0.0
2024-08-28,81.05220031738281,83.63678489283028,80.16129805509033,83.26476395837572,11088600,3.4754868377399504,1.849629609127897,83.5976324411997,69.2649256844396,86.37207685489155,66.49048127074776,hold,0.0,10000.0,0,10000.0,0.0,0.02,1,0.0
2024-08-29,81.51233673095703,82.12911005479337,81.1207314194776,81.69834346524098,7477200,1.0769097374105598,1.8419373944169888,83.63678489283028,69.2649256844396,86.39969098445576,66.50201959281412,hold,0.0,10000.0,0,10000.0,0.0,0.02,1,0.0
2024-08-30,81.5710678100586,82.11931071683762,80.32772908382776,81.8451892634481,13755300,1.791581633009855,1.9034749331288066,83.63678489283028,69.2649256844396,86.4919972925235,66.40971328474639,hold,0.0,10000.0,0,10000.0,0.0,0.02,1,0.0
2024-09-03,79.96817779541016,81.56125044855688,79.66333347697928,81.33507054927219,10133700,1.9077343330793184,1.7313529312223952,83.63678489283028,69.2649256844396,86.23381428966387,66.66789628760601,hold,0.0,10000.0,0,10000.0,0.0,0.02,1,0.0
2024-09-04,79.67316436767578,79.74200042571694,78.34560753255752,78.76845974697257,12837400,1.6225702628526335,1.730469082339742,83.63678489283028,70.00897026366056,86.23248851633988,67.41326664015095,hold,0.0,10000.0,0,10000.0,0.0,0.02,1,0.0
2024-09-05,79.486328125,79.88950860808889,78.87663196470267,79.78133658767214,7596300,1.012876643386221,1.4853385252110363,83.63678489283028,71.0075654883155,85.86479268064683,68.77955770049896,hold,0.0,10000.0,0,10000.0,0.0,0.02,1,0.0
2024-09-06,79.28964233398438,80.51886292549666,79.01429812189636,79.53548645228683,8512200,1.504564803600303,1.4879135456382155,83.63678489283028,71.51665816931265,85.8686552112876,69.28478785085532,hold,0.0,10000.0,0,10000.0,0.0,0.02,1,0.0
2024-09-09,78.16859436035156,80.22385510661839,77.70640621395135,79.40765082691448,8003300,2.5174488926670335,1.5929070440461714,83.63678489283028,71.82993847639585,86.02614545889953,69.4405779103266,hold,0.0,10000.0,0,10000.0,0.0,0.02,1,0.0
2024-09-10,76.79186248779297,78.23742705292214,76.2608458132164,78.23742705292214,9748400,1.9765812397057374,1.6550710181068757,83.63678489283028,72.49566065194006,86.11939141999059,70.01305412477974,hold,0.0,10000.0,0,10000.0,0.0,0.02,1,0.0
2024-09-11,77.09671783447266,77.28355426465876,75.46430927004688,76.7033657404186,8265500,1.8192449946118785,1.713689479551188,83.63678489283028,73.49425340940728,86.20731911215707,70.92371919008049,hold,0.0,10000.0,0,10000.0,0.0,0.02,1,0.0
2024-09-12,77.09671783447266,77.75557827803705,76.24117759259765,76.92954563283402,7176900,1.5144006854393979,1.719064872537082,83.63678489283028,75.46430927004688,86.2153822016359,72.88571196124126,hold,0.0,10000.0,0,10000.0,0.0,0.02,1,0.0
2024-09-13,77.69657135009766,78.16858781996406,76.81153109089,76.99837500743564,5814200,1.3570567290740598,1.7446698892808032,83.63678489283028,75.46430927004688,86.25378972675148,72.84730443612568,hold,0.0,10000.0,0,10000.0,0.0,0.02,1,0.0
2024-09-16,78.47344207763672,78.6602784975023,77.38189364065147,78.01125395534626,9547700,1.2783848568508347,1.7569626865020191,83.63678489283028,75.46430927004688,86.27222892258331,72.82886524029385,hold,0.0,10000.0,0,10000.0,0.0,0.02,1,0.0
2024-09-17,79.29947662353516,79.63382851911689,78.53244419008529,78.67995215864879,7580600,1.1603864414801706,1.7153734350648537,83.63678489283028,75.46430927004688,86.20984504542756,72.8912491174496,hold,0.0,10000.0,0,10000.0,0.0,0.02,1,0.0
2024-09-18,79.5551528930664,80.40085720399603,78.89629250044369,79.3191446559085,7637000,1.504564703552333,1.5745932826228812,83.63678489283028,75.46430927004688,85.9986748167646,73.10241934611255,hold,0.0,10000.0,0,10000.0,0.0,0.02,1,0.0
2024-09-19,79.63382720947266,81.73825218550657,79.13230312563151,81.22689223657176,15067100,2.6059490598750585,1.683810377084631,83.63678489283028,75.46430927004688,86.16250045845723,72.93859370441993,hold,0.0,10000.0,0,10000.0,0.0,0.02,1,0.0
2024-09-20,85.08172607421875,86.53712650289687,83.40015326634547,86.40929026694164,52039300,6.903299293424212,2.048933067114228,83.63678489283028,75.46430927004688,86.71018449350161,72.39090966937555,hold,0.0,10000.0,0,10000.0,0.0,0.02,1,0.0
2024-09-23,84.76705169677734,85.09156774391641,83.63617471852407,83.98035499462583,17712400,1.4553930253923397,2.016622973708015,86.53712650289687,75.46430927004688,89.56206096345889,72.43937480948486,hold,0.0,10000.0,0,10000.0,0.0,0.02,1,0.0
2024-09-24,86.006103515625,86.8124719054499,85.2194068562602,85.98643928773183,21123300,2.045420208672553,2.0468265412665807,86.53712650289687,75.46430927004688,89.60736631479674,72.39406945814702,hold,0.0,10000.0,0,10000.0,0.0,0.02,1,0.0
2024-09-25,86.5371322631836,86.6354684129692,85.7897640201918,86.38962428722152,12392800,0.8457043927774066,2.034885666223094,86.8124719054499,75.46430927004688,89.86480040478453,72.41198077071225,hold,0.0,10000.0,0,10000.0,0.0,0.02,1,0.0
2024-09-26,87.90402221679688,89.11357857827892,87.56967781760642,88.42521054645675,13592800,2.5764463150953247,2.1114486313298815,86.8124719054499,75.46430927004688,89.97964485244472,72.29713632305206,hold,0.0,10000.0,0,10000.0,0.0,0.02,1,0.0
2024-09-27,87.95319366455078,88.75956206789463,87.72701377586921,87.96302202737868,9181000,1.0325482920254245,2.0053843027126237,89.11357857827892,75.46430927004688,92.12165503234786,72.45623281597794,hold,0.0,10000.0,0,10000.0,0.0,0.02,1,0.0
2024-09-30,86.93048095703125,88.25803768351219,86.27162052647238,88.20886585926337,12027100,1.98641715703981,2.006086868236486,89.11357857827892,75.46430927004688,92.12270888063365,72.45517896769215,hold,0.0,10000.0,0,10000.0,0.0,0.02,1,0.0
2024-10-01,87.64834594726562,88.14987006986912,86.25195309871283,86.53713318793571,20623400,1.8979169711562918,2.0117062951325155,89.11357857827892,75.46430927004688,92.13113802097769,72.44674982734811,hold,0.0,10000.0,0,10000.0,0.0,0.02,1,0.0
2024-10-02,81.71858215332031,83.81317881035025,80.41068966365974,81.51207399746343,33208800,7.237656283605887,2.4205102664301217,89.11357857827892,75.46430927004688,92.7443439779241,71.8335438704017,hold,0.0,10000.0,0,10000.0,0.0,0.02,1,0.0
2024-10-03,80.7352066040039,82.38727937201875,80.61720622936738,81.03022254572933,18143800,1.7700731426513698,2.450011438828501,89.11357857827892,75.46430927004688,92.78859573652167,71.78929211180413,hold,0.0,10000.0,0,10000.0,0.0,0.02,1,0.0
2024-10-04,80.8827133178711,82.15126984346853,80.7352053493008,81.25639366935782,10322600,1.4160644941677276,2.4598456986368507,89.11357857827892,75.46430927004688,92.8033471262342,71.7745407220916,hold,0.0,10000.0,0,10000.0,0.0,0.02,1,0.0
2024-10-07,79.486328125,81.09906506249085,78.75862407809322,80.77454900124062,12767400,2.340440984397631,2.5441353088452408,89.11357857827892,75.46430927004688,92.92978154154677,71.64810630677903,hold,0.0,10000.0,0,10000.0,0.0,0.02,1,0.0
2024-10-08,79.42731475830078,80.06651096896191,78.60128211872674,79.4076505298873,10569600,1.4652288502351638,2.5413256050368713,89.11357857827892,75.46430927004688,92.92556698583422,71.65232086249158,hold,0.0,10000.0,0,10000.0,0.0,0.02,1,0.0
2024-10-09,81.07939147949219,81.55141551258852,79.7223345760124,79.79117063265484,11750600,2.1241007542877384,2.5069078689234914,89.11357857827892,75.46430927004688,92.87394038166416,71.70394746666165,hold,0.0,10000.0,0,10000.0,0.0,0.02,1,0.0
2024-10-10,80.7352066040039,82.0627633366342,80.66637055127691,82.01359901472466,8370200,1.3963927853572926,2.113557404061569,89.11357857827892,76.24117759259765,92.28391468437127,73.0708414865053,hold,0.0,10000.0,0,10000.0,0.0,0.02,1,0.0
2024-10-11,80.78437042236328,80.90237078530541,79.83049414156076,80.67619842128879,10171100,1.0718766437446448,2.086163376801019,89.11357857827892,76.81153109089,92.24282364348045,73.68228602568847,hold,0.0,10000.0,0,10000.0,0.0,0.02,1,0.0
2024-10-14,80.24352264404297,80.67621071427148,79.45682592847994,80.6368747531082,8177700,1.3275444938833374,2.0348865400303606,89.11357857827892,77.38189364065147,92.16590838832445,74.32956383060593,hold,0.0,10000.0,0,10000.0,0.0,0.02,1,0.0
2024-10-15,80.75487518310547,81.34489954096168,79.70266270244908,79.70266270244908,11804400,1.642236838512602,2.0917817147257316,89.11357857827892,78.53244419008529,92.25125115036752,75.3947716179967,hold,0.0,10000.0,0,10000.0,0.0,0.02,1,0.0
2024-10-16,82.54462432861328,82.69212479891087,80.68604337719218,80.77454365937072,11220600,2.00608142171869,2.0510413651988295,89.11357857827892,78.60128211872674,92.19014062607717,75.5247200709285,hold,0.0,10000.0,0,10000.0,0.0,0.02,1,0.0
2024-10-17,82.01359558105469,83.35098812310099,81.99392385106083,82.7117919445019,9204500,1.3570642720401622,2.074221078057025,89.11357857827892,78.60128211872674,92.22491019536446,75.4899505016412,hold,0.0,10000.0,0,10000.0,0.0,0.02,1,0.0
2024-10-18,81.54157257080078,82.55444910317541,81.25639250300951,82.38727690905989,7214800,1.298056600165907,2.0250524668517462,89.11357857827892,78.60128211872674,92.15115727855654,75.56370341844912,hold,0.0,10000.0,0,10000.0,0.0,0.02,1,0.0
2024-10-21,80.1255111694336,81.70874024728813,80.08617521371654,81.47273201555222,7550200,1.6225650335715898,2.0053844713099815,89.11357857827892,78.60128211872674,92.12165528524389,75.59320541176177,hold,0.0,10000.0,0,10000.0,0.0,0.02,1,0.0
2024-10-22,80.06651306152344,81.04988956437457,79.87967662772749,79.99767700642654,7308800,1.1702129366470757,1.5719956608129237,89.11357857827892,78.60128211872674,91.47157206949831,76.24328862750735,hold,0.0,10000.0,0,10000.0,0.0,0.02,1,0.0
2024-10-23,78.71928405761719,79.69282459582453,78.46360409213011,79.65348863939832,7253100,1.6029089693933258,1.5600553627230636,89.11357857827892,78.60128211872674,91.45366162236351,76.26119907464215,hold,0.0,10000.0,0,10000.0,0.0,0.02,1,0.0
2024-10-24,77.72607421875,79.45681884275385,77.71623835369445,79.1618029116217,7424500,1.740580489059397,1.583235076643897,89.11357857827892,78.46360409213011,91.48843119324476,76.08875147716427,hold,0.0,10000.0,0,10000.0,0.0,0.02,1,0.0
2024-10-25,77.53923034667969,78.2570984448725,77.21471432273363,77.90308232830712,9385400,1.0423841221388699,1.4905167293396997,88.75956206789463,77.71623835369445,90.99533716190419,75.4804632596849,hold,0.0,10000.0,0,10000.0,0.0,0.02,1,0.0
2024-10-28,77.5982437133789,78.31610436154033,77.50973592647688,78.00142417962697,6617200,0.8063684350634475,1.4434552711131485,88.25803768351219,77.21471432273363,90.42322059018191,75.0495314160639,hold,0.0,10000.0,0,10000.0,0.0,0.02,1,0.0
2024-10-29,77.09671783447266,78.14893037209109,76.90003803616204,77.56873434528377,7241100,1.2488923359290425,1.3809403840875274,88.14987006986912,77.21471432273363,90.22128064600041,75.14330374660234,hold,0.0,10000.0,0,10000.0,0.0,0.02,1,0.0
2024-10-30,75.17912292480469,76.81153135320314,75.1496228331581,76.70335934878798,15691300,1.9470950013145512,1.420276256655903,83.81317881035025,76.90003803616204,85.9435931953341,74.7696236511782,hold,0.0,10000.0,0,10000.0,0.0,0.02,1,0.0
2024-10-31,75.84782409667969,76.05433225416364,73.94990721782199,74.93328368349816,13990100,2.1044250363416523,1.4940297132699751,83.35098812310099,75.1496228331581,85.59203269300595,72.90857826325315,hold,0.0,10000.0,0,10000.0,0.0,0.02,1,0.0
2024-11-01,76.76236724853516,76.8312033034857,75.68065459821217,75.76916238461561,9623700,1.150548705273522,1.4813871569407024,83.35098812310099,73.94990721782199,85.57306885851204,71.72782648241093,hold,0.0,10000.0,0,10000.0,0.0,0.02,1,0.0
2024-11-04,75.90682983398438,77.24422239311059,75.82815791813769,76.69352648475066,6593800,1.4160644749728988,1.465231988116438,83.35098812310099,73.94990721782199,85.54883610527564,71.75205923564734,hold,0.0,10000.0,0,10000.0,0.0,0.02,1,0.0
2024-11-05,76.68370056152344,76.7033647898272,75.71998831816276,75.96583243607887,5629200,0.9833764716644424,1.3921816345411346,83.35098812310099,73.94990721782199,85.4392605749127,71.86163476601028,hold,0.0,10000.0,0,10000.0,0.0,0.02,1,0.0
2024-11-06,74.06790924072266,75.67081005216657,73.87123696415809,75.59214564308061,16193700,2.812463597365351,1.4961387292072195,83.35098812310099,73.94990721782199,85.59519621691182,71.70569912401116,hold,0.0,10000.0,0,10000.0,0.0,0.02,1,0.0
2024-11-07,74.65794372558594,75.10046766188394,73.95974729549884,74.4415996904048,11831100,1.1407203663850964,1.4849004267943045,83.35098812310099,73.87123696415809,85.57833876329245,71.64388632396663,hold,0.0,10000.0,0,10000.0,0.0,0.02,1,0.0
2024-11-08,74.61860656738281,75.28730289150302,73.99908206958496,74.24492619606198,8140800,1.2882208219180598,1.4610186973904808,83.35098812310099,73.87123696415809,85.54251616918671,71.67970891807236,hold,0.0,10000.0,0,10000.0,0.0,0.02,1,0.0
2024-11-11,75.3266372680664,76.11334145727687,74.83494902545165,74.88412085074,9877200,1.4947348898940618,1.4841988369081227,83.35098812310099,73.87123696415809,85.57728637846317,71.6449387087959,hold,0.0,10000.0,0,10000.0,0.0,0.02,1,0.0
2024-11-12,75.38565063476562,76.14284728427266,74.874290622508,75.18897082137126,9013900,1.2685566617646629,1.460316529220361,83.35098812310099,73.87123696415809,85.54146291693154,71.68076217032754,hold,0.0,10000.0,0,10000.0,0.0,0.02,1,0.0
2024-11-13,75.24796295166016,76.00516702260428,75.19879863050508,75.63148667104458,6835300,0.806368392099202,1.3935870937232042,83.35098812310099,73.87123696415809,85.4413687636858,71.78085632357327,hold,0.0,10000.0,0,10000.0,0.0,0.02,1,0.0
2024-11-14,74.42192840576172,75.7003207637831,74.41209254075845,75.40530483421917,6991600,1.288228223024646,1.4111473866436168,83.35098812310099,73.87123696415809,85.46770920306642,71.75451588419266,hold,0.0,10000.0,0,10000.0,0.0,0.02,1,0.0
2024-11-15,75.38565063476562,76.3591913277226,74.35310224650647,74.73661850441582,13584900,2.006089081216132,1.4968417185116658,82.55444910317541,73.87123696415809,84.79971168094292,71.62597438639058,hold,0.0,10000.0,0,10000.0,0.0,0.02,1,0.0
2024-11-18,73.64506530761719,74.93328611869642,73.01570494933671,74.89395766105025,12595100,2.3699456854289167,1.5769169577616569,81.70874024728813,73.87123696415809,84.07411568393061,71.5058615275156,hold,0.0,10000.0,0,10000.0,0.0,0.02,1,0.0
2024-11-19,72.68135833740234,73.48772674090755,72.37650653063426,73.26154685218071,12028400,1.2685587769829283,1.5284500845951123,81.04988956437457,73.01570494933671,83.34256469126724,70.72302982244403,hold,0.0,10000.0,0,10000.0,0.0,0.02,1,0.0
2024-11-20,72.1405029296875,72.61251946322993,71.50130668388823,72.43551889007716,12290300,1.1800516535141128,1.4624234143931452,79.69282459582453,72.37650653063426,81.88645971741425,70.18287140904454,hold,0.0,10000.0,0,10000.0,0.0,0.02,1,0.0
2024-11-21,73.85157775878906,74.3039300736511,71.98316080431181,72.14050465429915,12818600,2.3207692693392943,1.5460105975407004,79.45681884275385,71.50130668388823,81.77583473906489,69.18229078757719,hold,0.0,10000.0,0,10000.0,0.0,0.02,1,0.0
2024-11-22,76.11334228515625,76.21167843423537,74.56944148665572,74.86444993389306,12248600,2.3601006754463043,1.6134417547173723,78.31610436154033,71.50130668388823,80.73626699361638,69.08114405181217,hold,0.0,10000.0,0,10000.0,0.0,0.02,1,0.0
2024-11-25,77.94242095947266,78.53244533979766,77.10655246213166,77.19505274302523,18328900,2.419103054641411,1.7159936535014413,78.31610436154033,71.50130668388823,80.89009484179249,68.92731620363607,hold,0.0,10000.0,0,10000.0,0.0,0.02,1,0.0
2024-11-26,76.3198471069336,77.5884036314354,76.28051114851102,77.5884036314354,9495600,1.6619098109616317,1.63381124018689,78.53244533979766,71.50130668388823,80.983162200078,69.0505898236079,hold,0.0,10000.0,0,10000.0,0.0,0.02,1,0.0
2024-11-27,77.03770446777344,77.73590832212541,76.3001721592241,76.3198438888894,8713500,1.435736162901307,1.654883797080905,78.53244533979766,71.50130668388823,81.01477103541902,69.01898098826688,hold,0.0,10000.0,0,10000.0,0.0,0.02,1,0.0
2024-11-29,77.46055603027344,77.86374395708461,76.73285959214178,76.9000317801806,7123500,1.1308843649428297,1.6436454787255315,78.53244533979766,71.50130668388823,80.99791355788597,69.03583846579994,hold,0.0,10000.0,0,10000.0,0.0,0.02,1,0.0
2024-12-02,78.17220306396484,78.18208913123865,76.30413601478753,77.01578204130458,11221000,1.877953116451124,1.671018209193893,78.53244533979766,71.50130668388823,81.0389726535885,68.99477937009739,hold,0.0,10000.0,0,10000.0,0.0,0.02,1,0.0
2024-12-03,77.94487762451172,78.47861215345081,76.70938312442861,78.08325240525222,9414500,1.769229029022199,1.70678052114086,78.53244533979766,71.50130668388823,81.09261612150895,68.94113590217694,hold,0.0,10000.0,0,10000.0,0.0,0.02,1,0.0
2024-12-04,77.46056365966797,77.59893843642081,76.2052970608761,76.91694307895342,15042600,1.739580563635613,1.7734385333934608,78.53244533979766,71.50130668388823,81.19260313988785,68.84114888379804,hold,0.0,10000.0,0,10000.0,0.0,0.02,1,0.0
2024-12-05,77.66812896728516,77.9844152613544,77.19369575575124,77.3518426732159,8316500,0.790719505603164,1.7379021964347834,78.53244533979766,71.50130668388823,81.13929863444983,68.89445338923606,hold,0.0,10000.0,0,10000.0,0.0,0.02,1,0.0
2024-12-06,77.97452545166016,80.23795219844172,77.92510265710932,78.30069779763237,13931100,2.569823231156562,1.7781689214305285,78.53244533979766,71.50130668388823,81.19969872194345,68.83405330174244,hold,0.0,10000.0,0,10000.0,0.0,0.02,1,0.0
2024-12-09,76.7390365600586,78.52803024777701,76.62042636905319,78.51815172083842,12043400,1.907603878723819,1.7451445066658786,80.23795219844172,71.50130668388823,82.85566895844053,68.88358992388942,hold,0.0,10000.0,0,10000.0,0.0,0.02,1,0.0
2024-12-10,75.84947967529297,77.17393376065584,75.73087702406009,76.60066247682921,12193100,1.44305673659575,1.757608646638223,80.23795219844172,71.50130668388823,82.87436516839905,68.8648937139309,hold,0.0,10000.0,0,10000.0,0.0,0.02,1,0.0
2024-12-11,77.93499755859375,78.06349382264787,75.42447163619416,75.89890487873905,12033200,2.6390221864537153,1.8618208275624804,80.23795219844172,71.50130668388823,83.03068343978543,68.70857544254451,hold,0.0,10000.0,0,10000.0,0.0,0.02,1,0.0
2024-12-12,77.0553207397461,78.44896216745224,76.95648268706042,77.79661744617871,6983200,1.4924794803918218,1.8026572712090894,80.23795219844172,71.50130668388823,82.94193810525535,68.7973207770746,hold,0.0,10000.0,0,10000.0,0.0,0.02,1,0.0
2024-12-13,76.35356140136719,76.9268326689444,75.87912818730257,76.45239945487978,8037300,1.1761925524435242,1.7180924052803195,80.23795219844172,71.50130668388823,82.81509080636219,68.92416807596776,hold,0.0,10000.0,0,10000.0,0.0,0.02,1,0.0
2024-12-16,76.30413818359375,78.103017894704,75.77041118939562,75.86924924236341,13034000,2.332606705308379,1.7119140946136742,80.23795219844172,71.50130668388823,82.80582334036222,68.93343554196773,hold,0.0,10000.0,0,10000.0,0.0,0.02,1,0.0
2024-12-17,77.09485626220703,77.85591755091967,76.35355956737811,76.46228368588848,12452400,1.5517793673259206,1.7040476343539805,80.23795219844172,71.50130668388823,82.79402364997269,68.94523523235726,hold,0.0,10000.0,0,10000.0,0.0,0.02,1,0.0
2024-12-18,76.00762176513672,78.08325097919656,75.94831290243111,77.07509080351944,14376900,2.134938076765451,1.7539906282014195,80.23795219844172,71.50130668388823,82.86893814074385,68.8703207415861,hold,0.0,10000.0,0,10000.0,0.0,0.02,1,0.0
2024-12-19,76.2052993774414,77.03555560405715,75.54307613415622,76.04716000242793,27067600,1.4924794699009283,1.7798188499841407,80.23795219844172,71.50130668388823,82.90768047341793,68.83157840891202,hold,0.0,10000.0,0,10000.0,0.0,0.02,1,0.0
2024-12-20,76.04715728759766,77.0948541748474,73.9912926997954,75.07852631460206,49883400,3.103561475052004,1.8673623041699179,80.23795219844172,71.98316080431181,83.03899565469659,69.18211734805693,hold,0.0,10000.0,0,10000.0,0.0,0.02,1,0.0
2024-12-23,75.86924743652344,77.5001016646848,74.86107971401208,75.44423703210393,14203800,2.6390219506727277,1.9294903700020984,80.23795219844172,73.9912926997954,83.13218775344487,71.09705714479225,hold,0.0,10000.0,0,10000.0,0.0,0.02,1,0.0
2024-12-24,75.89889526367188,76.21518153834698,75.47388487512161,75.85935853673004,4919100,0.7412966632253699,1.8581843771156525,80.23795219844172,73.9912926997954,83.0252287641152,71.20401613412191,hold,0.0,10000.0,0,10000.0,0.0,0.02,1,0.0
2024-12-26,76.04715728759766,76.56111966411837,75.65179755288803,75.71109887379357,6363500,0.9093221112303382,1.8666559918033079,80.23795219844172,73.9912926997954,83.03793618614668,71.19130871209043,hold,0.0,10000.0,0,10000.0,0.0,0.02,1,0.0
2024-12-27,75.53318786621094,76.0372717197973,74.92038743720376,75.63202591532243,6334400,1.1267698503938988,1.7635807503202605,80.23795219844172,73.9912926997954,82.88332332392211,71.345921574315,hold,0.0,10000.0,0,10000.0,0.0,0.02,1,0.0
2024-12-30,73.78373718261719,74.89073549049705,73.68489912525082,74.7227100388882,9042900,1.8482887409601148,1.7593439547657101,80.23795219844172,73.9912926997954,82.87696813059028,71.35227676764683,hold,0.0,10000.0,0,10000.0,0.0,0.02,1,0.0
2024-12-31,74.7918930053711,75.50353904165532,73.9122215274253,74.03083171375933,9425600,1.719801859038128,1.7791114635115943,80.23795219844172,73.68489912525082,82.90661939370911,71.01623192998343,hold,0.0,10000.0,0,10000.0,0.0,0.02,1,0.0
2025-01-02,72.81510162353516,75.8000605412544,72.3900912163444,75.36516406667968,10883400,3.4099693249099943,1.8341791162584715,80.23795219844172,73.68489912525082,82.98922087282942,70.93363045086312,hold,0.0,10000.0,0,10000.0,0.0,0.02,1,0.0
2025-01-03,72.45928192138672,73.32907491032991,72.16276775404177,73.06220386477315,10083500,1.1663071562881413,1.8108810931082087,80.23795219844172,72.3900912163444,82.95427383810403,69.67376957668209,hold,0.0,10000.0,0,10000.0,0.0,0.02,1,0.0
2025-01-06,71.16448211669922,73.45755957215846,71.13483145568817,72.89417439036899,14947300,2.3227281164702873,1.8927764905386917,80.23795219844172,72.16276775404177,83.07711693424976,69.32360301823373,hold,0.0,10000.0,0,10000.0,0.0,0.02,1,0.0
2025-01-07,71.25343322753906,72.5877732835818,71.14471665211596,71.55984098290891,10463500,1.4430566314658364,1.8292371995499386,80.23795219844172,71.13483145568817,82.98180799776662,68.39097565636327,hold,0.0,10000.0,0,10000.0,0.0,0.02,1,0.0
2025-01-08,70.46272277832031,70.9865712364329,70.18597321862762,70.72958627063542,11855000,1.0674600089114392,1.7946429596631899,78.52803024777701,71.13483145568817,81.2199946872718,68.44286701619339,hold,0.0,10000.0,0,10000.0,0.0,0.02,1,0.0
2025-01-10,70.37376403808594,71.54995722075063,70.26503991830046,71.01622268931102,15677400,1.284917302450168,1.7339271900692412,78.44896216745224,70.18597321862762,81.0498529525561,67.58508243352377,hold,0.0,10000.0,0,10000.0,0.0,0.02,1,0.0
2025-01-13,71.24356079101562,71.75752321485487,69.9586434201269,70.34411712322144,14584300,1.7988797947279664,1.7558129275568868,78.44896216745224,70.18597321862762,81.08268155878757,67.55225382729229,hold,0.0,10000.0,0,10000.0,0.0,0.02,1,0.0
2025-01-14,70.34410858154297,71.37204084526307,69.71153604092437,71.23366607330648,16732900,1.6605048043387,1.6527374510773651,78.44896216745224,69.9586434201269,80.92806834406828,67.47953724351086,hold,0.0,10000.0,0,10000.0,0.0,0.02,1,0.0
2025-01-15,70.24527740478516,71.41158455450702,70.017943090993,71.15459957823332,13468100,1.3936414635140153,1.5637817019945999,78.103017894704,69.71153604092437,80.4486904476959,67.36586348793247,hold,0.0,10000.0,0,10000.0,0.0,0.02,1,0.0
2025-01-16,70.2848129272461,70.40342311599423,69.5039794849228,70.07725075258195,13694600,0.8994436310714349,1.5750779139836044,78.103017894704,69.71153604092437,80.4656347656794,67.34891916994897,hold,0.0,10000.0,0,10000.0,0.0,0.02,1,0.0
2025-01-17,70.0179443359375,70.6900536806235,70.0179443359375,70.60110169159731,9711300,0.6721093446860067,1.5581341449447237,78.08325097919656,69.5039794849228,80.42045219661365,67.1667782675057,hold,0.0,10000.0,0,10000.0,0.0,0.02,1,0.0
2025-01-21,72.32090759277344,72.41974564918054,70.31446563835391,70.47261256129354,14199900,2.401801313243041,1.6492078208625196,78.08325097919656,69.5039794849228,80.55706271049034,67.03016775362902,hold,0.0,10000.0,0,10000.0,0.0,0.02,1,0.0
2025-01-22,73.18081665039062,73.83315387436224,72.1627703121167,72.52847188555847,13029300,1.670383562245533,1.6365003080971923,77.5001016646848,69.5039794849228,79.95485212683059,67.04922902277701,hold,0.0,10000.0,0,10000.0,0.0,0.02,1,0.0
2025-01-23,73.42791748046875,73.63547967262924,71.53019954569213,72.48893704066373,10677400,2.1052801269371173,1.6640344700899772,77.5001016646848,69.5039794849228,79.99615336981977,67.00792777978783,hold,0.0,10000.0,0,10000.0,0.0,0.02,1,0.0
2025-01-24,72.71627044677734,73.38837981608772,72.39998412832897,73.21046829065672,8106700,1.027933352139783,1.4938890434635337,77.5001016646848,69.5039794849228,79.74093522988011,67.26314591972749,hold,0.0,10000.0,0,10000.0,0.0,0.02,1,0.0
2025-01-27,74.70294189453125,74.96980539082745,72.56800376072147,72.58777589577159,11665400,2.401801630105979,1.5821386487362363,76.56111966411837,69.5039794849228,78.93432763722272,67.13077151181844,hold,0.0,10000.0,0,10000.0,0.0,0.02,1,0.0
2025-01-28,73.52674865722656,74.72270643770041,73.29942189032577,74.45584294158643,8694400,1.4232845473746352,1.5178926795151182,76.56111966411837,69.5039794849228,78.83795868339104,67.22714046565012,hold,0.0,10000.0,0,10000.0,0.0,0.02,1,0.0
2025-01-29,75.69133758544922,76.21518605194753,73.45756139653449,73.58605011106009,11764800,2.7576246554130392,1.611790395511347,76.0372717197973,69.5039794849228,78.45495731306433,67.08629389165577,hold,0.0,10000.0,0,10000.0,0.0,0.02,1,0.0
2025-01-30,77.42103576660156,77.85592473993965,75.95820683575353,75.95820683575353,10902100,2.164587154490434,1.690156620195561,76.21518605194753,69.5039794849228,78.75042098224087,66.96874455462945,hold,0.0,10000.0,0,10000.0,0.0,0.02,1,0.0
2025-01-31,76.00762176513672,77.94487620098323,75.86924698692339,77.20357951447187,13098000,2.0756292140598447,1.7466360424533949,77.85592473993965,69.5039794849228,80.47587880361975,66.8840254212427,hold,0.0,10000.0,0,10000.0,0.0,0.02,1,0.0
2025-02-03,75.70121765136719,75.80006324701525,72.37032920576941,74.03083416512997,18539200,3.63729255936731,1.877951239927634,77.94487620098323,69.5039794849228,80.76180306087468,66.68705262503134,hold,0.0,10000.0,0,10000.0,0.0,0.02,1,0.0
2025-02-04,75.8297119140625,77.25300399630919,75.15760260198601,76.65008207484969,11943700,2.0954013943231757,1.909015282069382,77.94487620098323,69.5039794849228,80.8083991240873,66.64045656181872,hold,0.0,10000.0,0,10000.0,0.0,0.02,1,0.0
2025-02-05,73.70465850830078,75.89889791462456,73.53663306857398,75.41458618917557,9807400,2.3622648460505786,1.9782026665362795,77.94487620098323,69.5039794849228,80.91218020078765,66.53667548511838,hold,0.0,10000.0,0,10000.0,0.0,0.02,1,0.0
2025-02-06,70.90750122070312,74.5250328887639,70.79877709685253,74.36688596648656,16059400,3.7262557919113704,2.180117820881989,77.94487620098323,69.5039794849228,81.21505293230621,66.2338027535998,hold,0.0,10000.0,0,10000.0,0.0,0.02,1,0.0
2025-02-07,67.88301086425781,69.98829080095162,67.82370954067379,69.74119189820475,27428700,3.0837916800293357,2.3523808448350843,77.94487620098323,69.5039794849228,81.47344746823586,65.97540821767016,hold,0.0,10000.0,0,10000.0,0.0,0.02,1,0.0
2025-02-10,70.11678314208984,70.12666166822898,68.31790353215379,68.55511635410699,16201300,2.243650803971164,2.341084379887093,77.94487620098323,67.82370954067379,81.45650277081387,64.31208297084315,hold,0.0,10000.0,0,10000.0,0.0,0.02,1,0.0
2025-02-11,70.51213836669922,71.15459701379892,69.69177575112202,69.75107707394785,9636600,1.462821262676897,2.326258501346476,77.94487620098323,67.82370954067379,81.43426395300294,64.33432178865408,hold,0.0,10000.0,0,10000.0,0.0,0.02,1,0.0
2025-02-12,71.42147064208984,71.6092606848117,69.51386676635977,69.78073026962781,10810900,2.095393918451933,2.325552343597534,77.94487620098323,67.82370954067379,81.43320471637954,64.33538102527748,hold,0.0,10000.0,0,10000.0,0.0,0.02,1,0.0
2025-02-13,72.36044311523438,72.74591680738769,70.79877621115368,71.60926032553502,9739600,1.9471405962340071,2.3912100038899786,77.94487620098323,67.82370954067379,81.5316912068182,64.23689453483883,hold,0.0,10000.0,0,10000.0,0.0,0.02,1,0.0
2025-02-14,72.19241333007812,72.64707438732694,71.50053190663535,72.32090203945504,9254400,1.1465424806915934,2.3015486360746658,77.94487620098323,67.82370954067379,81.39719915509522,64.37138658656178,hold,0.0,10000.0,0,10000.0,0.0,0.02,1,0.0
2025-02-18,76.68961334228516,76.7785728702675,73.63547446399544,73.63547446399544,28252400,4.586159540189371,2.527468278418575,77.94487620098323,67.82370954067379,81.73607861861109,64.03250712304593,hold,0.0,10000.0,0,10000.0,0.0,0.02,1,0.0
2025-02-19,75.8890151977539,76.77857277213931,75.20701980058173,75.92855192782217,14184100,1.5715529715575798,2.4427488724288997,77.94487620098323,67.82370954067379,81.60899950962659,64.15958623203043,hold,0.0,10000.0,0,10000.0,0.0,0.02,1,0.0
2025-02-20,76.33380126953125,76.3733304605591,75.45412218152025,76.01751495528458,10689600,0.9192082790388554,2.3537932384680724,77.94487620098323,67.82370954067379,81.47556605868535,64.29301968297167,hold,0.0,10000.0,0,10000.0,0.0,0.02,1,0.0
2025-02-21,75.61226654052734,77.0849739342549,74.97969393352247,76.50182412564678,12823400,2.105280000732435,2.355911151801829,77.94487620098323,67.82370954067379,81.47874292868597,64.28984281297105,hold,0.0,10000.0,0,10000.0,0.0,0.02,1,0.0
2025-02-24,79.34839630126953,80.14899431147943,77.83615226382425,77.96464097507402,24553500,4.5367277709520835,2.420156524057884,77.94487620098323,67.82370954067379,81.57511098707006,64.19347475458696,hold,0.0,10000.0,0,10000.0,0.0,0.02,1,0.0
2025-02-25,80.77169036865234,81.00890320335577,79.1210715115384,79.37804894044208,15522500,1.887831691817368,2.405330116736041,80.14899431147943,67.82370954067379,83.75698948658349,64.21571436556972,hold,0.0,10000.0,0,10000.0,0.0,0.02,1,0.0
2025-02-26,80.22806549072266,81.48333207003712,79.901893147355,81.1472736596663,16058100,1.5814389226821248,2.349556836495437,81.00890320335577,67.82370954067379,84.53323845809892,64.29937428593064,hold,0.0,10000.0,0,10000.0,0.0,0.02,1,0.0
2025-02-27,79.0914077758789,80.54435042590518,78.53790868667252,80.54435042590518,11651900,2.006441739232656,2.2267129755898147,81.48333207003712,67.82370954067379,84.82340153342184,64.48364007728907,hold,0.0,10000.0,0,10000.0,0.0,0.02,1,0.0
2025-02-28,78.50826263427734,79.09141241736202,77.27276813703696,78.33035112504034,14113800,1.81864428032506,2.1363453041823663,81.48333207003712,67.82370954067379,84.68785002631067,64.61919158440024,hold,0.0,10000.0,0,10000.0,0.0,0.02,1,0.0
2025-03-03,77.8923568725586,80.42551774726078,77.37578556183239,79.4619202760068,8628800,3.0497321854283967,2.1939225457150258,81.48333207003712,67.82370954067379,84.77421588860966,64.53282572210125,hold,0.0,10000.0,0,10000.0,0.0,0.02,1,0.0
2025-03-04,76.80955505371094,78.13077659105103,76.2731190706023,77.18704367336778,10034100,1.8576575204487256,2.2221251355558707,81.48333207003712,67.82370954067379,84.81651977337093,64.49052183733998,hold,0.0,10000.0,0,10000.0,0.0,0.02,1,0.0
2025-03-05,77.29631805419922,77.79301719620852,75.95523188657958,76.81949112212565,9853600,1.8377853096289414,2.2037245206399425,81.48333207003712,67.82370954067379,84.78891885099704,64.51812275971388,hold,0.0,10000.0,0,10000.0,0.0,0.02,1,0.0
2025-03-06,77.19697570800781,77.81288534036752,76.233378210214,76.233378210214,9623700,1.579507130153516,2.177464987348479,81.48333207003712,67.82370954067379,84.74952955105984,64.55751205965107,hold,0.0,10000.0,0,10000.0,0.0,0.02,1,0.0
2025-03-07,78.0711669921875,78.47846392390292,76.46186663318626,76.96850187684798,9294300,2.0165972907166605,2.2396117594931266,81.48333207003712,67.82370954067379,84.84274970927682,64.4642919014341,hold,0.0,10000.0,0,10000.0,0.0,0.02,1,0.0
2025-03-10,75.8956298828125,79.66061026233449,75.55787052751954,76.99830257666582,15822600,4.102739734814946,2.2050817733949537,81.48333207003712,67.82370954067379,84.79095473012956,64.51608688058135,hold,0.0,10000.0,0,10000.0,0.0,0.02,1,0.0
2025-03-11,73.68034362792969,75.57773785240124,73.13397915827971,75.40886197518363,12837000,2.7616507245327853,2.2900887557503253,81.48333207003712,68.31790353215379,84.9184652036626,64.88277039852831,hold,0.0,10000.0,0,10000.0,0.0,0.02,1,0.0
2025-03-12,73.09424591064453,74.00817049238938,72.74655803487501,73.86909534208156,12304900,1.2616124575143743,2.314546197070005,81.48333207003712,69.51386676635977,84.95515136564212,66.04204747075477,hold,0.0,10000.0,0,10000.0,0.0,0.02,1,0.0
2025-03-13,72.16044616699219,73.45186688590071,71.19684867997955,72.69688211581449,10195900,2.2550182059211608,2.3252417831549144,81.48333207003712,69.51386676635977,84.97119474476949,66.0260040916274,hold,0.0,10000.0,0,10000.0,0.0,0.02,1,0.0
2025-03-14,71.18692016601562,73.05450609334035,70.84916082972836,72.79622043371208,12183000,2.2053452636119886,2.15871446120205,81.48333207003712,70.79877621115368,84.7214037618402,67.56070451935061,hold,0.0,10000.0,0,10000.0,0.0,0.02,1,0.0
2025-03-17,73.21344757080078,73.46179713186731,71.5544743218429,71.66374873503435,15996900,2.274876965851689,2.1863605522045018,81.48333207003712,70.84916082972836,84.76287289834387,67.56962000142161,hold,0.0,10000.0,0,10000.0,0.0,0.02,1,0.0
2025-03-18,72.8260269165039,73.67042153436411,72.2399255576883,73.40219974922363,8972300,1.4304959766758145,2.1755789132040513,81.48333207003712,70.84916082972836,84.7467004398432,67.58579245992229,hold,0.0,10000.0,0,10000.0,0.0,0.02,1,0.0
2025-03-19,72.50813293457031,72.94523057050347,71.81275722197378,72.16044507827205,10830500,1.132473348529686,2.1131525995824103,81.48333207003712,70.84916082972836,84.65306096941073,67.67943193035475,hold,0.0,10000.0,0,10000.0,0.0,0.02,1,0.0
2025-03-20,71.3855972290039,73.16378096557594,71.04783789058574,72.4385969247846,25202300,2.1159430749901986,2.1343882277727775,81.48333207003712,70.84916082972836,84.68491441169628,67.6475784880692,hold,0.0,10000.0,0,10000.0,0.0,0.02,1,0.0
2025-03-21,67.4914779663086,68.27626347510602,64.73976063331892,66.15038429666401,77287000,6.645836595684983,2.3912528285053907,81.48333207003712,70.84916082972836,85.07021131279521,67.26228158697027,sell,0.0,10000.0,0,10000.0,0.0,0.02,1,1.0
2025-03-24,66.94510650634766,68.43520386009457,66.24973077287659,68.10738062330375,26552500,2.1854730872179857,2.4146682261317665,81.48333207003712,64.73976063331892,85.10533440923477,61.11775829412127,hold,0.0,10000.0,0,10000.0,0.0,0.02,1,0.0
2025-03-25,66.10072326660156,67.60075680981805,65.80270074735702,67.11398618978349,17394100,1.7980560624610291,2.41183042276263,81.48333207003712,64.73976063331892,85.10107770418107,61.12201499917498,hold,0.0,10000.0,0,10000.0,0.0,0.02,1,0.0
2025-03-26,65.30599975585938,66.15038676448789,64.52121421778453,65.94177403852277,18688300,1.6291725467033586,2.4153779525161903,81.48333207003712,64.73976063331892,85.10639899881141,61.11669370454464,hold,0.0,10000.0,0,10000.0,0.0,0.02,1,0.0
2025-03-27,65.36560821533203,66.65702139950898,64.85897298311782,65.06758570719963,16435800,1.798048416391154,2.3997673186357966,80.54435042590518,64.52121421778453,84.14400140385888,60.92156323983084,hold,0.0,10000.0,0,10000.0,0.0,0.02,1,0.0
2025-03-28,62.87217712402344,65.42521036283372,62.723165868414206,65.42521036283372,19600300,2.7020444944195177,2.299717658607552,80.42551774726078,64.52121421778453,83.87509423517211,61.0716377298732,hold,0.0,10000.0,0,10000.0,0.0,0.02,1,0.0
2025-03-31,63.06092071533203,63.56755594704909,62.23640213497865,62.42514643903217,17400000,1.3311538120704398,2.1975393077173844,80.42551774726078,62.723165868414206,83.72182670883686,59.42685690683813,hold,0.0,10000.0,0,10000.0,0.0,0.02,1,0.0
2025-04-01,64.33247375488281,64.72983457663487,62.882109408147336,63.40861306539586,13489500,1.8477251684875355,2.2394045013583246,79.66061026233449,62.23640213497865,83.01971701437198,58.877295382941156,hold,0.0,10000.0,0,10000.0,0.0,0.02,1,0.0
2025-04-02,64.5311508178711,64.96824848269242,63.736436747955544,63.87551189966645,11161400,1.2318117347368727,2.166318324845161,79.66061026233449,62.23640213497865,82.91008774960223,58.98692464771091,hold,0.0,10000.0,0,10000.0,0.0,0.02,1,0.0
2025-04-03,55.213077545166016,58.292610659645156,55.034265553794846,55.99785929672429,71499500,9.496885264076248,2.687142610592608,79.66061026233449,62.23640213497865,83.6913241782234,58.20568821908974,sell,0.0,10000.0,0,10000.0,0.0,0.02,1,1.0
2025-04-04,56.87205123901367,58.82904705324507,52.15340943315665,52.86865740374146,67775700,6.675637620088423,3.001482657323803,79.66061026233449,55.034265553794846,84.1628342483202,50.532041567809145,hold,0.0,10000.0,0,10000.0,0.0,0.02,1,0.0
2025-04-07,55.24287796020508,56.80251292849869,53.04746871050689,55.03426523465301,45374400,3.824582528506781,3.172488839597444,79.66061026233449,52.15340943315665,84.41934352173065,47.39467617376048,hold,0.0,10000.0,0,10000.0,0.0,0.02,1,0.0
2025-04-08,52.9183235168457,58.38201371473518,52.02426360502204,58.38201371473518,30404300,6.3577501097131375,3.54572289396769,75.57773785240124,52.15340943315665,80.89632219335277,46.83482509220511,hold,0.0,10000.0,0,10000.0,0.0,0.02,1,0.0
2025-04-09,58.928382873535156,59.15686401236468,52.13353880879544,52.92825663722714,44732500,7.023325203569236,3.896250188866193,74.00817049238938,52.02426360502204,79.85254577568867,46.17988832172276,hold,0.0,10000.0,0,10000.0,0.0,0.02,1,0.0
2025-04-10,54.04086685180664,56.87205037658213,51.934859812468545,56.85218195664344,53919800,6.993523061066611,3.921084936393452,73.67042153436411,52.02426360502204,79.55204893895429,46.142636200431866,hold,0.0,10000.0,0,10000.0,0.0,0.02,1,0.0
2025-04-11,54.03092956542969,54.66670383150909,52.511031473739024,54.04086566993855,22617100,2.155672357770065,3.9189563128614577,73.67042153436411,51.934859812468545,79.5488560036563,46.05642534317636,hold,0.0,10000.0,0,10000.0,0.0,0.02,1,0.0
2025-04-14,55.04419708251953,56.31574563453225,54.309080707441176,55.272678226114714,28346600,2.284816069102561,3.953724884764424,73.67042153436411,51.934859812468545,79.60100886151075,46.004272485321906,hold,0.0,10000.0,0,10000.0,0.0,0.02,1,0.0
2025-04-15,54.4680290222168,55.024329628732175,53.812382525371675,54.319017765749514,15977100,1.2318145571478567,3.9253421712247456,73.67042153436411,51.934859812468545,79.55843479120122,46.046846555631426,hold,0.0,10000.0,0,10000.0,0.0,0.02,1,0.0
2025-04-16,53.196475982666016,54.78591546991126,52.98786325787255,54.35875391561208,19094900,1.7980522120387121,3.9253424423424286,73.16378096557594,51.934859812468545,79.05179462908958,46.0468461489549,hold,0.0,10000.0,0,10000.0,0.0,0.02,1,0.0
2025-04-17,55.391883850097656,55.65016951301694,53.29581675994091,53.464692640722845,18935100,2.4536935303509253,3.9076030877661005,73.16378096557594,51.934859812468545,79.02518559722509,46.073455180819394,hold,0.0,10000.0,0,10000.0,0.0,0.02,1,0.0
2025-04-21,55.749507904052734,55.987925147911035,53.14680558862677,54.86538408095662,17280900,2.841119559284266,4.015457783995659,68.43520386009457,51.934859812468545,74.45839053608806,45.91167313647506,hold,0.0,10000.0,0,10000.0,0.0,0.02,1,0.0
2025-04-22,56.68330383300781,57.706502787605814,55.868717595257536,56.276010714132674,16852200,1.9569948835530795,4.023262763643198,68.43520386009457,51.934859812468545,74.47009800555938,45.89996566700375,hold,0.0,10000.0,0,10000.0,0.0,0.02,1,0.0
2025-04-23,57.01112365722656,58.80917581282663,56.32568024462883,58.61049540946811,21660300,2.483495568197803,4.112668751747551,67.60075680981805,51.934859812468545,73.76975993743937,45.76585668484722,hold,0.0,10000.0,0,10000.0,0.0,0.02,1,0.0
2025-04-24,58.093929290771484,58.31247811873753,56.75284316710287,57.428354281258294,14508500,1.5596349516346635,3.545722300858866,66.65702139950898,51.934859812468545,71.97560485079728,46.61627636118025,hold,0.0,10000.0,0,10000.0,0.0,0.02,1,0.0
2025-04-25,57.23960494995117,57.86544689589763,56.2362744050649,57.82571005721548,17156000,1.8576548857065873,3.201580676974449,66.65702139950898,51.934859812468545,71.45939241497065,47.13248879700687,hold,0.0,10000.0,0,10000.0,0.0,0.02,1,0.0
2025-04-28,56.93165588378906,57.69657300194135,56.42502064693489,57.34888133577378,13321200,1.2715523550064631,3.0192213788672833,65.42521036283372,51.934859812468545,69.95404243113465,47.406027744167616,hold,0.0,10000.0,0,10000.0,0.0,0.02,1,0.0
2025-04-29,57.16013717651367,57.358817587760264,56.36541932104093,56.62370120300195,12968000,0.993398266719332,2.6360533900820116,64.96824848269242,51.934859812468545,68.92232856781544,47.98077972734553,hold,0.0,10000.0,0,10000.0,0.0,0.02,1,0.0
2025-04-30,56.02766418457031,56.21640849245647,54.38855551622119,55.49122820698184,17205900,2.771581660292483,2.3323574227051007,64.96824848269242,51.934859812468545,68.46678461675006,48.43632367841089,hold,0.0,10000.0,0,10000.0,0.0,0.02,1,0.0
2025-05-01,56.385284423828125,56.832314405498416,55.88858528630862,56.30581453237212,10527000,0.943729119189797,1.900229283999614,64.96824848269242,51.934859812468545,67.81859240869184,49.08451588646913,hold,0.0,10000.0,0,10000.0,0.0,0.02,1,0.0
2025-05-02,58.20320510864258,58.31247952526135,56.931656528744895,57.48795713769329,14723900,1.9271951014332274,1.883909479975554,59.15686401236468,51.934859812468545,61.98272823232801,49.10899559250522,hold,0.0,10000.0,0,10000.0,0.0,0.02,1,0.0
2025-05-05,56.97138977050781,57.954855733856355,56.91178829907158,57.73630689988697,15971000,1.2914168095709968,1.8129523900090139,59.15686401236468,51.934859812468545,61.876292597378196,49.21543122745503,hold,0.0,10000.0,0,10000.0,0.0,0.02,1,0.0
2025-05-06,56.66343688964844,57.3389480004272,56.41508732802429,56.77271130308523,11440300,0.9238606724029097,1.7909556839558032,59.15686401236468,51.934859812468545,61.84329753829839,49.24842628653484,hold,0.0,10000.0,0,10000.0,0.0,0.02,1,0.0
2025-05-07,58.23300552368164,58.42175362026178,57.180005782818384,57.487956821215604,11883500,1.7583167306133447,1.7881174352825628,59.15686401236468,51.934859812468545,61.83904016528852,49.2526836595447,hold,0.0,10000.0,0,10000.0,0.0,0.02,1,0.0
2025-05-08,58.52109146118164,59.991320434158354,58.41181704604256,59.29594089287533,19009000,1.758314910476713,1.7384475338629761,59.15686401236468,51.934859812468545,61.76453531315914,49.32718851167408,hold,0.0,10000.0,0,10000.0,0.0,0.02,1,0.0
2025-05-09,57.91511535644531,58.98798725094344,57.835645469545526,58.749570011217145,13954400,1.152341781397915,1.6178205497282367,59.991320434158354,51.934859812468545,62.41805125875071,49.50812898787619,hold,0.0,10000.0,0,10000.0,0.0,0.02,1,0.0
2025-05-12,62.16686248779297,63.05098629814157,61.40194540289801,61.9681820856946,29776600,5.135870941696254,1.844883125309892,59.991320434158354,52.511031473739024,62.75864512212319,49.74370678577419,buy,0.9449363098144531,550.6369018554688,152,10000.0,0.0,0.02,1,1.0
2025-05-13,61.97811508178711,62.36553978590513,61.56088964335649,62.19666390544897,17003100,0.8046501425486383,1.7249655949063805,63.05098629814157,52.98786325787255,65.63843469050114,50.40041486551298,hold,0.9447778797287318,550.6369018554688,152,9971.31039428711,0.9447778797287318,0.02,1,0.0
2025-05-14,61.322471618652344,62.45494498225841,61.11385890209617,61.64035874564656,13736300,1.341086080162242,1.709354961229779,63.05098629814157,52.98786325787255,65.61501873998624,50.42383081602788,hold,0.9442203929936792,550.6369018554688,152,9871.652587890625,0.9442203929936792,0.02,1,0.0
2025-05-15,61.98805236816406,62.266202665754655,60.021120496730724,60.23966932455967,14371100,2.245082169023931,1.737028338609589,63.05098629814157,52.98786325787255,65.65652880605595,50.38232074995816,hold,0.9447862435829236,550.6369018554688,152,9972.820861816406,0.9447862435829236,0.02,1,0.0
2025-05-16,62.693363189697266,63.32913745349648,62.08738966029066,62.08738966029066,12950600,1.3410850853324163,1.7419949622043,63.05098629814157,53.14680558862677,65.66397874144802,50.533813145320316,hold,0.9453734755471518,550.6369018554688,152,10080.028106689453,0.9453734755471518,0.02,1,0.0
2025-05-19,61.670166015625,62.01785389203653,61.35227508495978,61.739703590907304,15105300,1.3410881047374872,1.7668299506341683,63.32913745349648,53.14680558862677,65.97938237944773,50.49656066267552,hold,0.9445174282500974,550.6369018554688,152,9924.502136230469,0.9445174282500974,0.02,1,0.0
2025-05-20,62.146995544433594,62.77283371006201,61.868841459085175,62.087390285534596,10771800,1.1026676944370095,1.6476218102159201,63.32913745349648,54.38855551622119,65.80057016882036,51.91712280089731,hold,0.9449196767940006,550.6369018554688,152,9996.980224609375,0.9449196767940006,0.02,1,0.0
2025-05-21,59.58402633666992,61.35227400179671,59.48468802788146,60.76616888511225,17354700,2.662307516552133,1.7703774100275156,63.32913745349648,54.38855551622119,65.98470356853775,51.732989401179914,hold,0.9426862219253288,550.6369018554688,152,9607.408905029297,0.9426862219253288,0.02,1,0.0
2025-05-22,60.91518020629883,61.213198922512845,59.76283839129468,60.18006762560516,16764500,1.6291725858429231,1.749090087485351,63.32913745349648,54.38855551622119,65.9527725847245,51.76492038499316,hold,0.9438683735888569,550.6369018554688,152,9809.74429321289,0.9438683735888569,0.02,1,0.0
2025-05-23,59.62376403808594,59.981388018116945,59.097264172770075,59.46482046801811,14282400,1.8179160335287534,1.786697174910905,63.32913745349648,54.38855551622119,66.00918321586283,51.708509753854834,hold,0.9427222321755876,550.6369018554688,152,9613.449035644531,0.9427222321755876,0.02,1,0.0
2025-05-27,62.41521453857422,62.42514685379519,60.43835033240071,60.72643673748618,16642100,2.8013828157092533,1.9208058994327868,63.32913745349648,54.38855551622119,66.21034630264566,51.50734666707201,hold,0.9451433908355037,550.6369018554688,152,10037.74951171875,0.9451433908355037,0.02,1,0.0
2025-05-28,61.37214279174805,62.69336428578485,61.15359775319214,62.325807993633624,10015600,1.539766532592715,1.9051951710027417,63.32913745349648,54.38855551622119,66.1869302100006,51.53076275971708,hold,0.9442630216420671,550.6369018554688,152,9879.202606201172,0.9442630216420671,0.02,1,0.0
2025-05-29,61.034385681152344,62.48474997209163,60.72643465617947,62.07745685074566,12218000,1.7583153159121565,1.9051951999624162,63.32913745349648,54.38855551622119,66.1869302534401,51.530762716277565,hold,0.9439718611849992,550.6369018554688,152,9827.863525390625,0.9439718611849992,0.02,1,0.0
2025-05-30,60.189998626708984,60.71649847351042,59.703231828892065,60.59729174752987,18155100,1.3311538522602788,1.9179674907382993,63.32913745349648,55.88858528630862,66.20608868960393,53.01163405020117,hold,0.9432304805200951,550.6369018554688,152,9699.516693115234,0.9432304805200951,0.02,1,0.0
2025-06-02,61.56999969482422,61.599998474121094,59.599998474121094,60.04999923706055,14065300,2.0,1.693976709188567,63.32913745349648,56.41508732802429,65.87010251727934,53.87412226424144,hold,0.9444321810878074,550.6369018554688,152,9909.27685546875,0.9444321810878074,0.02,1,0.0
2025-06-03,62.369998931884766,62.45000076293945,60.459999084472656,61.2400016784668,10286100,1.9900016784667969,1.778644676039864,63.32913745349648,56.41508732802429,65.99710446755627,53.747120313964494,hold,0.9451058051897856,550.6369018554688,152,10030.876739501953,0.9451058051897856,0.02,1,0.0
2025-06-04,62.77000045776367,63.040000915527344,62.27000045776367,62.380001068115234,10242300,0.7700004577636719,1.7378528458685376,63.32913745349648,56.41508732802429,65.93591672229928,53.80830805922149,hold,0.9454365311717721,550.6369018554688,152,10091.676971435547,0.9454365311717721,0.02,1,0.0
2025-06-05,62.66999816894531,63.65999984741211,62.22999954223633,62.939998626708984,12336300,1.4300003051757812,1.679632712736527,63.32913745349648,57.180005782818384,65.84858652260127,54.660556713713596,hold,0.9453542222715654,550.6369018554688,152,10076.476623535156,0.9453542222715654,0.02,1,0.0
2025-06-06,62.79999923706055,63.09000015258789,62.119998931884766,62.66999816894531,13299600,0.970001220703125,1.6531267224058632,63.65999984741211,57.835645469545526,66.13968993102091,55.35595538593673,hold,0.9454611739470014,550.6369018554688,152,10096.236785888672,0.9454611739470014,0.02,1,0.0
2025-06-09,61.90999984741211,63.4900016784668,61.880001068115234,63.29999923706055,11640000,1.6100006103515625,1.6723347585211543,63.65999984741211,57.835645469545526,66.16850198519384,55.32714333176379,hold,0.9447204813189165,550.6369018554688,152,9960.95687866211,0.9447204813189165,0.02,1,0.0
2025-06-10,63.869998931884766,64.16000366210938,62.25,62.380001068115234,15287000,2.2500038146972656,1.754287338539744,63.65999984741211,59.097264172770075,66.29143085522172,56.46583316496046,hold,0.946325809751156,550.6369018554688,152,10258.876739501953,0.946325809751156,0.02,1,0.0
2025-06-11,63.11000061035156,64.8499984741211,62.58000183105469,64.4000015258789,10238700,2.2699966430664062,1.7262651332907635,64.16000366210938,59.097264172770075,66.74940136204552,56.50786647283393,hold,0.9457145299976092,550.6369018554688,152,10143.356994628906,0.9457145299976092,0.02,1,0.0
2025-06-12,62.79999923706055,62.93000030517578,61.7599983215332,62.7400016784668,9830500,1.3500022888183594,1.706324397789009,64.8499984741211,59.097264172770075,67.4094850708046,56.53777757608656,hold,0.9454611739470014,550.6369018554688,152,10096.236785888672,0.9454611739470014,0.02,1,0.0
2025-06-13,60.529998779296875,62.779998779296875,60.11000061035156,61.75,16509700,2.6899986267089844,1.7686160115875968,64.8499984741211,59.097264172770075,67.50292249150249,56.44434015538868,hold,0.9435313512920374,550.6369018554688,152,9751.196716308594,0.9435313512920374,0.02,1,0.0
2025-06-16,61.900001525878906,62.18000030517578,61.2400016784668,61.380001068115234,13681600,1.6500015258789062,1.6863744908854292,64.8499984741211,59.097264172770075,67.37956021044924,56.567702436441934,hold,0.9447120460264425,550.6369018554688,152,9959.437133789062,0.9447120460264425,0.02,1,0.0
2025-06-17,60.0,61.29999923706055,59.68000030517578,61.29999923706055,13649700,2.220001220703125,1.7349626828933158,64.8499984741211,59.097264172770075,67.45244249846107,56.4948201484301,hold,0.9430609475421603,550.6369018554688,152,9670.636901855469,0.9430609475421603,0.02,1,0.0
2025-06-18,59.5099983215332,60.45000076293945,59.369998931884766,60.0,14194300,1.0800018310546875,1.6865117196892108,64.8499984741211,59.097264172770075,67.3797660536549,56.56749659323626,hold,0.9426190169537103,550.6369018554688,152,9596.156646728516,0.9426190169537103,0.02,1,0.0
2025-06-20,59.790000915527344,60.040000915527344,59.189998626708984,59.75,19084000,0.8500022888183594,1.6521437508719308,64.8499984741211,59.097264172770075,67.328214100429,56.61904854646218,hold,0.9428723864895769,550.6369018554688,152,9638.717041015625,0.9428723864895769,0.02,1,0.0
2025-06-23,60.779998779296875,61.29999923706055,59.439998626708984,59.58000183105469,15921300,1.8600006103515625,1.642143794468471,64.8499984741211,59.097264172770075,67.3132141658238,56.63404848106737,hold,0.9437505530011344,550.6369018554688,152,9789.196716308594,0.9437505530011344,0.02,1,0.0
2025-06-24,61.41999816894531,61.97999954223633,60.47999954223633,61.33000183105469,12564000,1.5,1.6071436745779855,64.8499984741211,59.097264172770075,67.26071398598808,56.6865486609031,hold,0.9443040303615693,550.6369018554688,152,9886.476623535156,0.9443040303615693,0.02,1,0.0
2025-06-25,60.83000183105469,61.529998779296875,60.36000061035156,61.45000076293945,12186200,1.1699981689453125,1.6357149396623885,64.8499984741211,59.189998626708984,67.30357088361468,56.7364262172154,hold,0.9437941919457407,550.6369018554688,152,9796.797180175781,0.9437941919457407,0.02,1,0.0
2025-06-26,62.540000915527344,62.72999954223633,60.81999969482422,61.560001373291016,39659800,1.9099998474121094,1.6700006212506975,64.8499984741211,59.189998626708984,67.35499940599713,56.68499769483294,hold,0.945246853460256,550.6369018554688,152,10056.717041015625,0.945246853460256,0.02,1,0.0
2025-06-27,72.04000091552734,74.19000244140625,69.69000244140625,69.79000091552734,117530300,11.650001525878906,2.4328577859061107,64.8499984741211,59.189998626708984,68.49928515298026,55.540711947849815,buy,0.9959692169382611,46.356895446777344,159,11500.717041015625,0.9521215155636207,0.02,1,1.0
2025-06-30,71.04000091552734,71.70999908447266,70.05999755859375,71.44999694824219,31090400,1.9800033569335938,2.459286553519113,74.19000244140625,59.189998626708984,77.87893227168492,55.50106879643032,hold,0.995912709223909,46.356895446777344,159,11341.717041015625,0.995912709223909,0.02,1,0.0
2025-07-01,73.41000366210938,73.94000244140625,71.83000183105469,71.98999786376953,27512900,2.9000015258789062,2.5057149614606584,74.19000244140625,59.189998626708984,77.94857488359723,55.431426184517996,hold,0.9960441432238163,46.356895446777344,159,11718.547477722168,0.9960441432238163,0.02,1,0.0
2025-07-02,76.38999938964844,76.83999633789062,73.0,73.16999816894531,36882300,3.839996337890625,2.6178577968052457,74.19000244140625,59.189998626708984,78.11678913661412,55.26321193150112,hold,0.9961978755877934,46.356895446777344,159,12192.366798400879,0.9961978755877934,0.02,1,0.0
2025-07-03,76.38999938964844,77.02999877929688,75.58000183105469,76.2699966430664,12022600,1.4499969482421875,2.6250002724783763,76.83999633789062,59.189998626708984,80.7774967466082,55.252498217991416,hold,0.9961978755877934,46.356895446777344,159,12192.366798400879,0.9961978755877934,0.02,1,0.0
2025-07-07,76.52999877929688,77.5,75.8499984741211,76.04000091552734,17296900,1.6500015258789062,2.550714765276228,77.02999877929688,59.189998626708984,80.85607092721122,55.36392647879464,hold,0.996204804569129,46.356895446777344,159,12214.62670135498,0.996204804569129,0.02,1,0.0
2025-07-08,73.91999816894531,76.30000305175781,73.6500015258789,76.12999725341797,19572400,2.8799972534179688,2.6385716029575894,77.5,59.189998626708984,81.45785740443638,55.2321412222726,hold,0.9960713285500802,46.356895446777344,159,11799.636604309082,0.9960713285500802,0.02,1,0.0
2025-07-09,73.55999755859375,74.91999816894531,73.41999816894531,74.12999725341797,12076700,1.5,2.5871429443359375,77.5,59.189998626708984,81.3807144165039,55.30928421020508,hold,0.9960521776437967,46.356895446777344,159,11742.396507263184,0.9960521776437967,0.02,1,0.0
2025-07-10,74.62000274658203,75.5,72.94999694824219,73.12000274658203,13033000,2.5500030517578125,2.692143031529018,77.5,59.189998626708984,81.53821454729352,55.15178407941546,hold,0.9961080396820124,46.356895446777344,159,11910.93733215332,0.9961080396820124,0.02,1,0.0
2025-07-11,72.62999725341797,73.83999633789062,72.4000015258789,73.69000244140625,12771400,2.220001220703125,2.7900000980922153,77.5,59.189998626708984,81.68500014713833,55.00499847957066,hold,0.9960018293449292,46.356895446777344,159,11594.526458740234,0.9960018293449292,0.02,1,0.0
2025-07-14,72.25,72.58000183105469,71.02999877929688,72.33999633789062,11385400,1.5999984741210938,2.7714285169328963,77.5,59.189998626708984,81.65714277539935,55.03285585130964,hold,0.995980885571203,46.356895446777344,159,11534.106895446777,0.995980885571203,0.02,1,0.0
2025-07-15,71.98999786376953,72.87999725341797,71.58000183105469,72.26000213623047,9708300,1.2999954223632812,2.7571424756731306,77.5,59.189998626708984,81.6357137135097,55.05428491319929,hold,0.9959664285164272,46.356895446777344,159,11492.766555786133,0.9959664285164272,0.02,1,0.0
2025-07-16,72.0999984741211,72.70999908447266,71.1500015258789,71.9000015258789,9008600,1.55999755859375,2.784999574933733,77.5,59.189998626708984,81.6774993624006,55.01249926430839,hold,0.9959725576201317,46.356895446777344,159,11510.256652832031,0.9959725576201317,0.02,1,0.0
2025-07-17,72.9800033569336,73.20999908447266,72.04000091552734,72.12000274658203,9180400,1.1699981689453125,2.732142312186105,77.5,59.189998626708984,81.59821346827916,55.09178515842983,hold,0.9960209279447889,46.356895446777344,159,11650.177429199219,0.9960209279447889,0.02,1,0.0
2025-07-18,72.47000122070312,73.27999877929688,72.12000274658203,73.27999877929688,8793500,1.1599960327148438,1.982856205531529,77.5,59.189998626708984,80.4742843082973,56.21571431841169,hold,0.9959930377316724,46.356895446777344,159,11569.087089538574,0.9959930377316724,0.02,1,0.0
