date,close,high,low,open,volume,sma,std,upper_band,lower_band,signal,position_pct,cash,shares,portfolio_value,equity_pct,risk_budget,max_position_pct,signal_strength
2024-09-27,87.95319366455078,88.75956206789463,87.72701377586921,87.96302202737868,9181000,77.9255891418457,5.184375252700991,85.70215202089719,70.14902626279422,sell,0.0,10000.0,0,10000.0,0.0,0.02,1,0.0
2024-09-30,86.93048095703125,88.25803768351219,86.27162052647238,88.20886585926337,12027100,78.24071884155273,5.244138265363035,86.10692623959729,70.37451144350818,sell,0.0,10000.0,0,10000.0,0.0,0.02,1,0.25
2024-10-01,87.64834594726562,88.14987006986912,86.25195309871283,86.53713318793571,20623400,78.52791259765625,5.359342122049891,86.56692578073108,70.48889941458143,sell,0.0,10000.0,0,10000.0,0.0,0.02,1,0.5
2024-10-02,81.71858215332031,83.81317881035025,80.41068966365974,81.51207399746343,33208800,78.72509826660156,5.289903171549383,86.65995302392564,70.79024350927749,hold,0.0,10000.0,0,10000.0,0.0,0.02,1,0.4
2024-10-03,80.7352066040039,82.38727937201875,80.61720622936738,81.03022254572933,18143800,78.94784652709961,5.129790360409842,86.64253206771437,71.25316098648486,hold,0.0,10000.0,0,10000.0,0.0,0.02,1,0.30000000000000004
2024-10-04,80.8827133178711,82.15126984346853,80.7352053493008,81.25639366935782,10322600,79.16727920532226,4.9674362509240435,86.61843358170833,71.71612482893619,hold,0.0,10000.0,0,10000.0,0.0,0.02,1,0.20000000000000004
2024-10-07,79.486328125,81.09906506249085,78.75862407809322,80.77454900124062,12767400,79.33626693725586,4.8269381879338855,86.57667421915669,72.09585965535503,hold,0.0,10000.0,0,10000.0,0.0,0.02,1,0.10000000000000003
2024-10-08,79.42731475830078,80.06651096896191,78.60128211872674,79.4076505298873,10569600,79.48469009399415,4.7096158394934085,86.54911385323426,72.42026633475403,hold,0.0,10000.0,0,10000.0,0.0,0.02,1,2.7755575615628914e-17
2024-10-09,81.07939147949219,81.55141551258852,79.7223345760124,79.79117063265484,11750600,79.65107818603515,4.613159472737094,86.57081739514079,72.73133897692951,hold,0.0,10000.0,0,10000.0,0.0,0.02,1,0.0
2024-10-10,80.7352066040039,82.0627633366342,80.66637055127691,82.01359901472466,8370200,79.80000915527344,4.522882184876601,86.58433243258834,73.01568587795855,hold,0.0,10000.0,0,10000.0,0.0,0.02,1,0.0
2024-10-11,80.78437042236328,80.90237078530541,79.83049414156076,80.67619842128879,10171100,79.96969940185546,4.393045668004149,86.5592679038617,73.38013089984923,hold,0.0,10000.0,0,10000.0,0.0,0.02,1,0.0
2024-10-14,80.24352264404297,80.67621071427148,79.45682592847994,80.6368747531082,8177700,80.12543991088867,4.25718523046307,86.51121775658328,73.73966206519407,hold,0.0,10000.0,0,10000.0,0.0,0.02,1,0.0
2024-10-15,80.75487518310547,81.34489954096168,79.70266270244908,79.70266270244908,11804400,80.34212020874024,3.994825490293247,86.33435844418011,74.34988197330037,hold,0.0,10000.0,0,10000.0,0.0,0.02,1,0.0
2024-10-16,82.54462432861328,82.69212479891087,80.68604337719218,80.77454365937072,11220600,80.5734489440918,3.7700891690160403,86.22858269761585,74.91831519056774,hold,0.0,10000.0,0,10000.0,0.0,0.02,1,0.0
2024-10-17,82.01359558105469,83.35098812310099,81.99392385106083,82.7117919445019,9204500,80.79180725097656,3.5176724387546754,86.06831590910858,75.51529859284454,hold,0.0,10000.0,0,10000.0,0.0,0.02,1,0.0
2024-10-18,81.54157257080078,82.55444910317541,81.25639250300951,82.38727690905989,7214800,80.96998413085937,3.3157976327532377,85.94368057998923,75.99628768172951,hold,0.0,10000.0,0,10000.0,0.0,0.02,1,0.0
2024-10-21,80.1255111694336,81.70874024728813,80.08617521371654,81.47273201555222,7550200,81.11690292358398,3.101290720787129,85.76883900476467,76.46496684240329,hold,0.0,10000.0,0,10000.0,0.0,0.02,1,0.0
2024-10-22,80.06651306152344,81.04988956437457,79.87967662772749,79.99767700642654,7308800,81.2567677307129,2.8809983607011604,85.57826527176464,76.93527018966115,hold,0.0,10000.0,0,10000.0,0.0,0.02,1,0.0
2024-10-23,78.71928405761719,79.69282459582453,78.46360409213011,79.65348863939832,7253100,81.29410827636718,2.8344701012087112,85.54581342818025,77.04240312455411,hold,0.0,10000.0,0,10000.0,0.0,0.02,1,0.0
2024-10-24,77.72607421875,79.45681884275385,77.71623835369445,79.1618029116217,7424500,81.31119323730469,2.809737115336784,85.52579891030987,77.09658756429951,hold,0.0,10000.0,0,10000.0,0.0,0.02,1,0.0
2024-10-25,77.53923034667969,78.2570984448725,77.21471432273363,77.90308232830712,9385400,81.24661209106445,2.859145482326273,85.53533031455386,76.95789386757504,hold,0.0,10000.0,0,10000.0,0.0,0.02,1,0.0
2024-10-28,77.5982437133789,78.31610436154033,77.50973592647688,78.00142417962697,6617200,81.16891738891601,2.905005640577274,85.52642584978193,76.8114089280501,hold,0.0,10000.0,0,10000.0,0.0,0.02,1,0.0
2024-10-29,77.09671783447266,78.14893037209109,76.90003803616204,77.56873434528377,7241100,81.08021347045899,2.9608722322431316,85.52152181882369,76.63890512209429,hold,0.0,10000.0,0,10000.0,0.0,0.02,1,0.0
2024-10-30,75.17912292480469,76.81153135320314,75.1496228331581,76.70335934878798,15691300,80.94767517089844,3.07388334756228,85.55850019224185,76.33685014955502,buy,0.17291198272705077,8270.880172729492,23,10000.0,0.0,0.02,1,0.25
2024-10-31,75.84782409667969,76.05433225416364,73.94990721782199,74.93328368349816,13990100,80.81989547729492,3.15102644729782,85.54643514824166,76.09335580634819,buy,0.5225463034185435,4781.880264282227,69,10015.380126953125,0.1741821011395145,0.02,1,0.5
2024-11-01,76.76236724853516,76.8312033034857,75.68065459821217,75.76916238461561,9623700,80.72195907592773,3.2001242434632857,85.52214544112266,75.9217727107328,hold,0.5255357401008418,4781.880264282227,69,10078.483604431152,0.5255357401008418,0.02,1,0.4
2024-11-04,75.90682983398438,77.24422239311059,75.82815791813769,76.69352648475066,6593800,80.59438049316407,3.2630433655533646,85.48894554149412,75.69981544483402,hold,0.5227403163349063,4781.880264282227,69,10019.451522827148,0.5227403163349063,0.02,1,0.30000000000000004
2024-11-05,76.68370056152344,76.7033647898272,75.71998831816276,75.96583243607887,5629200,80.47783584594727,3.297080526282375,85.42345663537083,75.53221505652371,hold,0.5252800686571127,4781.880264282227,69,10073.055603027344,0.5252800686571127,0.02,1,0.20000000000000004
2024-11-06,74.06790924072266,75.67081005216657,73.87123696415809,75.59214564308061,16193700,80.28919937133789,3.3891855945287164,85.37297776313096,75.20542097954481,buy,0.9733397987390024,263.73780059814453,130,9892.56600189209,0.5166188162537783,0.02,1,0.75
2024-11-07,74.65794372558594,75.10046766188394,73.95974729549884,74.4415996904048,11831100,80.16131423950195,3.4792490101908915,85.38018775478828,74.94244072421561,buy,0.9960113461179012,39.76396942138672,133,9969.270484924316,0.9735449247768959,0.02,1,1.0
2024-11-08,74.61860656738281,75.28730289150302,73.99908206958496,74.24492619606198,8140800,80.02343963623046,3.560266518129513,85.36383941342473,74.6830398590362,buy,0.9960092517856916,39.76396942138672,133,9964.0386428833,0.9960092517856916,0.02,1,1.0
2024-11-11,75.3266372680664,76.11334145727687,74.83494902545165,74.88412085074,9877200,79.89855102539063,3.6139873608954134,85.31953206673376,74.4775699840475,hold,0.9960466144210075,39.76396942138672,133,10058.206726074219,0.9960466144210075,0.02,1,0.9
2024-11-12,75.38565063476562,76.14284728427266,74.874290622508,75.18897082137126,9013900,79.80690048217774,3.669860027737023,85.31169052378327,74.3021104405722,hold,0.9960496969834711,39.76396942138672,133,10066.055503845215,0.9960496969834711,0.02,1,0.8
2024-11-13,75.24796295166016,76.00516702260428,75.19879863050508,75.63148667104458,6835300,79.71839645385742,3.726080548504704,85.30751727661448,74.12927563110037,hold,0.996042497379242,39.76396942138672,133,10047.743041992188,0.996042497379242,0.02,1,0.7000000000000001
2024-11-14,74.42192840576172,75.7003207637831,74.41209254075845,75.40530483421917,6991600,79.61710845947266,3.800606534913751,85.31801826184329,73.91619865710203,hold,0.9959987474560695,39.76396942138672,133,9937.880447387695,0.9959987474560695,0.02,1,0.6000000000000001
2024-11-15,75.38565063476562,76.3591913277226,74.35310224650647,74.73661850441582,13584900,79.53902862548829,3.8472865334780795,85.3099584257054,73.76809882527117,hold,0.9960496969834711,39.76396942138672,133,10066.055503845215,0.9960496969834711,0.02,1,0.5000000000000001
2024-11-18,73.64506530761719,74.93328611869642,73.01570494933671,74.89395766105025,12595100,79.4485580444336,3.9324150991235722,85.34718069311896,73.54993539574824,hold,0.9959567099187406,39.76396942138672,133,9834.557655334473,0.9959567099187406,0.02,1,0.40000000000000013
2024-11-19,72.68135833740234,73.48772674090755,72.37650653063426,73.26154685218071,12028400,79.36634796142579,4.030824022671912,85.41258399543366,73.32011192741791,buy,0.9959033181823985,39.76396942138672,133,9706.384628295898,0.9959033181823985,0.02,1,1.0
2024-11-20,72.1405029296875,72.61251946322993,71.50130668388823,72.43551889007716,12290300,79.26722366333007,4.147041992207722,85.48778665164166,73.04666067501849,buy,0.9958727310976989,39.76396942138672,133,9634.450859069824,0.9958727310976989,0.02,1,1.0
2024-11-21,73.85157775878906,74.3039300736511,71.98316080431181,72.14050465429915,12818600,79.2023208618164,4.206669663662226,85.51232535730975,72.89231636632306,hold,0.9959679706536845,39.76396942138672,133,9862.023811340332,0.9959679706536845,0.02,1,0.9
2024-11-22,76.11334228515625,76.21167843423537,74.56944148665572,74.86444993389306,12248600,79.17065628051758,4.224157416451649,85.50689240519505,72.8344201558401,hold,0.9960873166047638,39.76396942138672,133,10162.838493347168,0.9960873166047638,0.02,1,0.8
2024-11-25,77.94242095947266,78.53244533979766,77.10655246213166,77.19505274302523,18328900,79.1600358581543,4.226612970119206,85.49995531333312,72.82011640297549,hold,0.9961787848801867,39.76396942138672,133,10406.10595703125,0.9961787848801867,0.02,1,0.7000000000000001
2024-11-26,76.3198471069336,77.5884036314354,76.28051114851102,77.5884036314354,9495600,79.10044326782227,4.245569761369748,85.4687979098769,72.73208862576764,hold,0.9960978621592587,39.76396942138672,133,10190.303634643555,0.9960978621592587,0.02,1,0.6000000000000001
2024-11-27,77.03770446777344,77.73590832212541,76.3001721592241,76.3198438888894,8713500,79.05009429931641,4.254984224812262,85.4325706365348,72.66761796209802,hold,0.9961340827251154,39.76396942138672,133,10285.778663635254,0.9961340827251154,0.02,1,0.5000000000000001
2024-11-29,77.46055603027344,77.86374395708461,76.73285959214178,76.9000317801806,7123500,79.00662887573242,4.259996820355824,85.39662410626616,72.61663364519868,hold,0.996155105345648,39.76396942138672,133,10342.017921447754,0.996155105345648,0.02,1,0.40000000000000013
2024-12-02,78.17220306396484,78.18208913123865,76.30413601478753,77.01578204130458,11221000,78.86843841552735,4.170023498348975,85.12347366305082,72.61340316800388,hold,0.9961899742983762,39.76396942138672,133,10436.666976928711,0.9961899742983762,0.02,1,0.30000000000000016
2024-12-03,77.94487762451172,78.47861215345081,76.70938312442861,78.08325240525222,9414500,78.73199493408202,4.083801219386988,84.85769676316251,72.60629310500154,hold,0.9961789048569646,39.76396942138672,133,10406.432693481445,0.9961789048569646,0.02,1,0.20000000000000015
2024-12-04,77.46056365966797,77.59893843642081,76.2052970608761,76.91694307895342,15042600,78.56108413696289,3.9497805270330715,84.4857549275125,72.63641334641328,hold,0.9961551057228907,39.76396942138672,133,10342.018936157227,0.9961551057228907,0.02,1,0.10000000000000014
2024-12-05,77.66812896728516,77.9844152613544,77.19369575575124,77.3518426732159,8316500,78.38370407104492,3.7797645569931126,84.05335090653459,72.71405723555525,hold,0.9961653416634364,39.76396942138672,133,10369.625122070312,0.9961653416634364,0.02,1,1.3877787807814457e-16
2024-12-06,77.97452545166016,80.23795219844172,77.92510265710932,78.30069779763237,13931100,78.18511413574218,3.521373388831081,83.4671742189888,72.90305405249556,hold,0.9961803521815951,39.76396942138672,133,10410.375854492188,0.9961803521815951,0.02,1,0.0
2024-12-09,76.7390365600586,78.52803024777701,76.62042636905319,78.51815172083842,12043400,77.96083099365234,3.23174329943055,82.80844594279816,73.11321604450652,hold,0.9961190949889663,39.76396942138672,133,10246.05583190918,0.9961190949889663,0.02,1,0.0
2024-12-10,75.84947967529297,77.17393376065584,75.73087702406009,76.60066247682921,12193100,77.73921096801757,2.9737336013330924,82.19981137001722,73.27861056601793,hold,0.9960737587351179,39.76396942138672,133,10127.744766235352,0.9960737587351179,0.02,1,0.0
2024-12-11,77.93499755859375,78.06349382264787,75.42447163619416,75.89890487873905,12033200,77.54494400024414,2.6079622143675496,81.45688732179546,73.63300067869282,hold,0.9961784222958778,39.76396942138672,133,10405.118644714355,0.9961784222958778,0.02,1,0.0
2024-12-12,77.0553207397461,78.44896216745224,76.95648268706042,77.79661744617871,6983200,77.45167877197265,2.5381072573107337,81.25883965793875,73.64451788600655,hold,0.9961349631293327,39.76396942138672,133,10288.121627807617,0.9961349631293327,0.02,1,0.0
2024-12-13,76.35356140136719,76.9268326689444,75.87912818730257,76.45239945487978,8037300,77.36404586791993,2.4977449604014192,81.11066330852205,73.6174284273178,hold,0.9960995784471528,39.76396942138672,133,10194.787635803223,0.9960995784471528,0.02,1,0.0
2024-12-16,76.30413818359375,78.103017894704,75.77041118939562,75.86924924236341,13034000,77.27247436523437,2.4495767278853093,80.94683945706234,73.59810927340641,hold,0.9960970619518013,39.76396942138672,133,10188.214347839355,0.9960970619518013,0.02,1,0.0
2024-12-17,77.09485626220703,77.85591755091967,76.35355956737811,76.46228368588848,12452400,77.22464492797852,2.428726457705396,80.86773461453662,73.58155524142042,hold,0.9961369375276167,39.76396942138672,133,10293.379852294922,0.9961369375276167,0.02,1,0.0
2024-12-18,76.00762176513672,78.08325097919656,75.94831290243111,77.07509080351944,14376900,77.15625106811524,2.413534976707292,80.77655353317618,73.5359486030543,hold,0.9960818956984627,39.76396942138672,133,10148.77766418457,0.9960818956984627,0.02,1,0.0
2024-12-19,76.2052993774414,77.03555560405715,75.54307613415622,76.04716000242793,27067600,77.05876922607422,2.3494269646974026,80.58290967312033,73.53462877902811,hold,0.9960920195965975,39.76396942138672,133,10175.068786621094,0.9960920195965975,0.02,1,0.0
2024-12-20,76.04715728759766,77.0948541748474,73.9912926997954,75.07852631460206,49883400,76.9650082397461,2.292570773626724,80.40386440018618,73.52615207930602,hold,0.996083924672184,39.76396942138672,133,10154.035888671875,0.996083924672184,0.02,1,0.0
2024-12-23,75.86924743652344,77.5001016646848,74.86107971401208,75.44423703210393,14203800,76.86670578002929,2.2299819365464018,80.21167868484889,73.5217328752097,hold,0.9960747777033322,39.76396942138672,133,10130.373878479004,0.9960747777033322,0.02,1,0.0
2024-12-24,75.89889526367188,76.21518153834698,75.47388487512161,75.85935853673004,4919100,76.77981323242187,2.1797977894882656,80.04950991665427,73.51011654818947,hold,0.9960763049679183,39.76396942138672,133,10134.317039489746,0.9960763049679183,0.02,1,0.0
2024-12-26,76.04715728759766,76.56111966411837,75.65179755288803,75.71109887379357,6363500,76.68565887451172,2.1049834786102286,79.84313409242706,73.52818365659637,hold,0.996083924672184,39.76396942138672,133,10154.035888671875,0.996083924672184,0.02,1,0.0
2024-12-27,75.53318786621094,76.0372717197973,74.92038743720376,75.63202591532243,6334400,76.54543014526367,1.9332447358356242,79.4452972490171,73.64556304151023,hold,0.996057382597746,39.76396942138672,133,10085.677955627441,0.996057382597746,0.02,1,0.0
2024-12-30,73.78373718261719,74.89073549049705,73.68489912525082,74.7227100388882,9042900,76.38083297729492,1.804223099381552,79.08716762636725,73.67449832822258,hold,0.9959642783592508,39.76396942138672,133,9853.001014709473,0.9959642783592508,0.02,1,0.0
2024-12-31,74.7918930053711,75.50353904165532,73.9122215274253,74.03083171375933,9425600,76.24583938598633,1.6566881286349315,78.73087157893873,73.76080719303393,hold,0.9960184611947842,39.76396942138672,133,9987.085739135742,0.9960184611947842,0.02,1,0.0
2025-01-02,72.81510162353516,75.8000605412544,72.3900912163444,75.36516406667968,10883400,76.09963119506835,1.6296702365521447,78.54413654989658,73.65512584024013,buy,0.9959108120016087,39.76396942138672,133,9724.172485351562,0.9959108120016087,0.02,1,1.0
2025-01-03,72.45928192138672,73.32907491032991,72.16276775404177,73.06220386477315,10083500,75.94748657226563,1.606708009075164,78.35754858587838,73.53742455865289,buy,0.9958908140842188,39.76396942138672,133,9676.84846496582,0.9958908140842188,0.02,1,1.0
2025-01-06,71.16448211669922,73.45755957215846,71.13483145568817,72.89417439036899,14947300,75.79639053344727,1.6936061656359482,78.33679978190119,73.25598128499334,buy,0.9958163624249927,39.76396942138672,133,9504.640090942383,0.9958163624249927,0.02,1,1.0
2025-01-07,71.25343322753906,72.5877732835818,71.14471665211596,71.55984098290891,10463500,75.66693771362304,1.7878482717643294,78.34871012126953,72.98516530597655,buy,0.9958215633568321,39.76396942138672,133,9516.470588684082,0.9958215633568321,0.02,1,1.0
2025-01-08,70.46272277832031,70.9865712364329,70.18597321862762,70.72958627063542,11855000,75.52540756225586,1.9123684690073033,78.39396026576682,72.65685485874491,buy,0.9957748723712351,39.76396942138672,133,9411.306098937988,0.9957748723712351,0.02,1,1.0
2025-01-10,70.37376403808594,71.54995722075063,70.26503991830046,71.01622268931102,15677400,75.38091796875,2.0223214790189017,78.41440018727835,72.34743575022165,buy,0.9957695540260778,39.76396942138672,133,9399.474586486816,0.9957695540260778,0.02,1,1.0
2025-01-13,71.24356079101562,71.75752321485487,69.9586434201269,70.34411712322144,14584300,75.26385482788086,2.089272846602562,78.3977640977847,72.12994555797702,buy,0.9958209867579069,39.76396942138672,133,9515.157554626465,0.9958209867579069,0.02,1,1.0
2025-01-14,70.34410858154297,71.37204084526307,69.71153604092437,71.23366607330648,16732900,75.16715454101562,2.2021194183867046,78.47033366859567,71.86397541343557,buy,0.9957677781154516,39.76396942138672,133,9395.530410766602,0.9957677781154516,0.02,1,1.0
2025-01-15,70.24527740478516,71.41158455450702,70.017943090993,71.15459957823332,13468100,75.05510360717773,2.306826425095377,78.5153432448208,71.59486396953466,buy,0.9957618488520209,39.76396942138672,133,9382.385864257812,0.9957618488520209,0.02,1,1.0
2025-01-16,70.2848129272461,70.40342311599423,69.5039794849228,70.07725075258195,13694600,74.92555252075195,2.389401382853098,78.50965459503159,71.34145044647231,buy,0.9957642227330433,39.76396942138672,133,9387.644088745117,0.9957642227330433,0.02,1,1.0
2025-01-17,70.0179443359375,70.6900536806235,70.0179443359375,70.60110169159731,9711300,74.80777481079102,2.483335655568386,78.5327782941436,71.08277132743844,buy,0.9957481470020896,39.76396942138672,133,9352.150566101074,0.9957481470020896,0.02,1,1.0
2025-01-21,72.32090759277344,72.41974564918054,70.31446563835391,70.47261256129354,14199900,74.72051895141601,2.4927059914088456,78.45957793852928,70.98145996430274,hold,0.9958829841923956,39.76396942138672,133,9658.444679260254,0.9958829841923956,0.02,1,0.9
2025-01-22,73.18081665039062,73.83315387436224,72.1627703121167,72.52847188555847,13029300,74.70277709960938,2.5005902156217066,78.45366242304193,70.95189177617682,hold,0.9959311642293438,39.76396942138672,133,9772.81258392334,0.9959311642293438,0.02,1,0.8
2025-01-23,73.42791748046875,73.63547967262924,71.53019954569213,72.48893704066373,10677400,74.67817657470704,2.507082285074169,78.43880000231829,70.91755314709579,hold,0.9959448012162337,39.76396942138672,133,9805.67699432373,0.9959448012162337,0.02,1,0.7000000000000001
2025-01-24,72.71627044677734,73.38837981608772,72.39998412832897,73.21046829065672,8106700,74.64012985229492,2.5223926406118315,78.42371881321267,70.85654089137716,hold,0.995905277003443,39.76396942138672,133,9711.027938842773,0.995905277003443,0.02,1,0.6000000000000001
2025-01-27,74.70294189453125,74.96980539082745,72.56800376072147,72.58777589577159,11665400,74.62765594482421,2.520469830026371,78.40836068986377,70.84695119978466,hold,0.996013739151618,39.76396942138672,133,9975.255241394043,0.996013739151618,0.02,1,0.5000000000000001
2025-01-28,73.52674865722656,74.72270643770041,73.29942189032577,74.45584294158643,8694400,74.59047790527343,2.522769657981002,78.37463239224493,70.80632341830193,hold,0.995950229948062,39.76396942138672,133,9818.82154083252,0.995950229948062,0.02,1,0.40000000000000013
2025-01-29,75.69133758544922,76.21518605194753,73.45756139653449,73.58605011106009,11764800,74.59934539794922,2.5259051497136475,78.3882031225197,70.81048767337874,hold,0.9960655879043943,39.76396942138672,133,10106.711868286133,0.9960655879043943,0.02,1,0.30000000000000016
2025-01-30,77.42103576660156,77.85592473993965,75.95820683575353,75.95820683575353,10902100,74.65932754516602,2.5570239848281604,78.49486352240827,70.82379156792378,hold,0.9961531502346708,39.76396942138672,133,10336.761726379395,0.9961531502346708,0.02,1,0.20000000000000015
2025-01-31,76.00762176513672,77.94487620098323,75.86924698692339,77.20357951447187,13098000,74.67176696777344,2.5621372870293437,78.51497289831745,70.82856103722942,hold,0.9960818956984627,39.76396942138672,133,10148.77766418457,0.9960818956984627,0.02,1,0.10000000000000014
2025-02-03,75.70121765136719,75.80006324701525,72.37032920576941,74.03083416512997,18539200,74.71289001464844,2.561823025812163,78.55562455336668,70.87015547593019,hold,0.9960660993800677,39.76396942138672,133,10108.025917053223,0.9960660993800677,0.02,1,1.3877787807814457e-16
2025-02-04,75.8297119140625,77.25300399630919,75.15760260198601,76.65008207484969,11943700,74.77585708618165,2.549533175188579,78.60015684896452,70.95155732339877,hold,0.9960727392377281,39.76396942138672,133,10125.1156539917,0.9960727392377281,0.02,1,0.0
2025-02-05,73.70465850830078,75.89889791462456,73.53663306857398,75.41458618917557,9807400,74.80714019775391,2.5260249258210448,78.59617758648548,71.01810280902234,hold,0.99595996587495,39.76396942138672,133,9842.48355102539,0.99595996587495,0.02,1,0.0
2025-02-06,70.90750122070312,74.5250328887639,70.79877709685253,74.36688596648656,16059400,74.74825866699219,2.5824368621830214,78.62191396026672,70.87460337371765,hold,0.995801263869971,39.76396942138672,133,9470.461631774902,0.995801263869971,0.02,1,0.0
2025-02-07,67.88301086425781,69.98829080095162,67.82370954067379,69.74119189820475,27428700,74.58365203857421,2.7504857983277757,78.70938073606588,70.45792334108255,buy,0.9956150117923693,39.76396942138672,133,9068.204414367676,0.9956150117923693,0.02,1,1.0
2025-02-10,70.11678314208984,70.12666166822898,68.31790353215379,68.55511635410699,16201300,74.42713928222656,2.7779753717732087,78.59410233988638,70.26017622456675,buy,0.9957541150988924,39.76396942138672,133,9365.296127319336,0.9957541150988924,0.02,1,1.0
2025-02-11,70.51213836669922,71.15459701379892,69.69177575112202,69.75107707394785,9636600,74.31098510742187,2.8183455516812455,78.53850343494373,70.08346677990001,hold,0.995777820879616,39.76396942138672,133,9417.878372192383,0.995777820879616,0.02,1,0.9
2025-02-12,71.42147064208984,71.6092606848117,69.51386676635977,69.78073026962781,10810900,74.1986604309082,2.819371635423666,78.4277178840437,69.96960297777271,hold,0.9958313532244553,39.76396942138672,133,9538.819564819336,0.9958313532244553,0.02,1,0.8
2025-02-13,72.36044311523438,72.74591680738769,70.79877621115368,71.60926032553502,9739600,74.09665817260742,2.7910674626660676,78.28325936660652,69.91005697860832,hold,0.9958852243474945,39.76396942138672,133,9663.702903747559,0.9958852243474945,0.02,1,0.7000000000000001
2025-02-14,72.19241333007812,72.64707438732694,71.50053190663535,72.32090203945504,9254400,73.97706237792968,2.740526338654554,78.08785188591152,69.86627286994785,hold,0.9958756865959951,39.76396942138672,133,9641.354942321777,0.9958756865959951,0.02,1,0.6000000000000001
2025-02-18,76.68961334228516,76.7785728702675,73.63547446399544,73.63547446399544,28252400,73.95195709228516,2.7090046638336838,78.01546408803569,69.88845009653463,hold,0.996116603622231,39.76396942138672,133,10239.482543945312,0.996116603622231,0.02,1,0.5000000000000001
2025-02-19,75.8890151977539,76.77857277213931,75.20701980058173,75.92855192782217,14184100,73.92052612304687,2.676386102575397,77.93510527690997,69.90594696918377,hold,0.9960757961427829,39.76396942138672,133,10133.002990722656,0.9960757961427829,0.02,1,0.40000000000000013
2025-02-20,76.33380126953125,76.3733304605591,75.45412218152025,76.01751495528458,10689600,73.8938395690918,2.6447207606130823,77.86092071001141,69.92675842817218,hold,0.9960985727046282,39.76396942138672,133,10192.159538269043,0.9960985727046282,0.02,1,0.30000000000000016
2025-02-21,75.61226654052734,77.0849739342549,74.97969393352247,76.50182412564678,12823400,73.84659439086914,2.5908876259312286,77.73292582976599,69.9602629519723,hold,0.9960614897226209,39.76396942138672,133,10096.195419311523,0.9960614897226209,0.02,1,0.20000000000000015
2025-02-24,79.34839630126953,80.14899431147943,77.83615226382425,77.96464097507402,24553500,73.89878158569336,2.6752442696557597,77.911647990177,69.88591518120971,sell,0.8763970672889032,1309.3383102416992,117,10593.100677490234,0.9962462388839669,0.02,1,0.25
2025-02-25,80.77169036865234,81.00890320335577,79.1210715115384,79.37804894044208,15522500,73.99722579956055,2.8343258643249354,78.24871459604796,69.74573700307315,sell,0.6606092718616571,3651.717330932617,88,10759.626083374023,0.8783100546342485,0.02,1,0.5
2025-02-26,80.22806549072266,81.48333207003712,79.901893147355,81.1472736596663,16058100,74.04308715820312,2.916696851919216,78.41813243608195,69.6680418803243,sell,0.4119334676109718,6299.243492126465,55,10711.787094116211,0.6590935481775549,0.02,1,0.75
2025-02-27,79.0914077758789,80.54435042590518,78.53790868667252,80.54435042590518,11651900,74.08380889892578,2.973275465434831,78.54372209707803,69.62389570077353,sell,0.207954087599289,8434.711502075195,28,10649.270919799805,0.4084812434986034,0.02,1,1.0
2025-02-28,78.50826263427734,79.09141241736202,77.27276813703696,78.33035112504034,14113800,74.12690292358398,3.0220588412549185,78.65999118546637,69.5938146617016,hold,0.20673781318719855,8434.711502075195,28,10632.942855834961,0.20673781318719855,0.02,1,0.9
2025-03-03,77.8923568725586,80.42551774726078,77.37578556183239,79.4619202760068,8628800,74.15866729736328,3.053592677128018,78.7390563130553,69.57827828167126,hold,0.20544914675274106,8434.711502075195,28,10615.697494506836,0.20544914675274106,0.02,1,0.8
2025-03-04,76.80955505371094,78.13077659105103,76.2731190706023,77.18704367336778,10034100,74.15296127319336,3.0482559616418716,78.72534521565616,69.58057733073055,hold,0.2031734085902632,8434.711502075195,28,10585.379043579102,0.2031734085902632,0.02,1,0.7000000000000001
2025-03-05,77.29631805419922,77.79301719620852,75.95523188657958,76.81949112212565,9853600,74.1787351989746,3.0696309275140456,78.78318159024568,69.57428880770354,hold,0.2041980553546074,8434.711502075195,28,10599.008407592773,0.2041980553546074,0.02,1,0.6000000000000001
2025-03-06,77.19697570800781,77.81288534036752,76.233378210214,76.233378210214,9623700,74.19856872558594,3.0861514653546376,78.8277959236179,69.56934152755399,hold,0.203989151624895,8434.711502075195,28,10596.226821899414,0.203989151624895,0.02,1,0.5000000000000001
2025-03-07,78.0711669921875,78.47846392390292,76.46186663318626,76.96850187684798,9294300,74.23904891967773,3.123936612038249,78.9249538377351,69.55314400162035,hold,0.2058237042642538,8434.711502075195,28,10620.704177856445,0.2058237042642538,0.02,1,0.40000000000000013
2025-03-10,75.8956298828125,79.66061026233449,75.55787052751954,76.99830257666582,15822600,74.23957656860351,3.1242197955291786,78.92590626189728,69.55324687530974,hold,0.20124243096027003,8434.711502075195,28,10559.789138793945,0.20124243096027003,0.02,1,0.30000000000000016
2025-03-11,73.68034362792969,75.57773785240124,73.13397915827971,75.40886197518363,12837000,74.19520553588868,3.1159159584006138,78.86907947348959,69.52133159828776,hold,0.19652282017856612,8434.711502075195,28,10497.761123657227,0.19652282017856612,0.02,1,0.20000000000000015
2025-03-12,73.09424591064453,74.00817049238938,72.74655803487501,73.86909534208156,12304900,74.1361473083496,3.1080726813157495,78.79825633032323,69.47403828637599,hold,0.19526480938224863,8434.711502075195,28,10481.350387573242,0.19526480938224863,0.02,1,0.10000000000000014
2025-03-13,72.16044616699219,73.45186688590071,71.19684867997955,72.69688211581449,10195900,74.06869247436524,3.1137281243072037,78.73928466082604,69.39810028790443,hold,0.19325232618035643,8434.711502075195,28,10455.203994750977,0.19325232618035643,0.02,1,1.3877787807814457e-16
2025-03-14,71.18692016601562,73.05450609334035,70.84916082972836,72.79622043371208,12183000,74.0167561340332,3.1401234270538962,78.72694127461405,69.30657099345235,hold,0.19114348164148867,8434.711502075195,28,10427.945266723633,0.19114348164148867,0.02,1,0.0
2025-03-17,73.21344757080078,73.46179713186731,71.5544743218429,71.66374873503435,15996900,73.9851872253418,3.1401060017144733,78.69534622791352,69.27502822277009,hold,0.19552098501390247,8434.711502075195,28,10484.688034057617,0.19552098501390247,0.02,1,0.0
2025-03-18,72.8260269165039,73.67042153436411,72.2399255576883,73.40219974922363,8972300,73.98540573120117,3.140023298096814,78.69544067834639,69.27537078405595,hold,0.19468778441079682,8434.711502075195,28,10473.840255737305,0.19468778441079682,0.02,1,0.0
2025-03-19,72.50813293457031,72.94523057050347,71.81275722197378,72.16044507827205,10830500,73.98638275146484,3.139546316572528,78.69570222632363,69.27706327660606,hold,0.19400282014679326,8434.711502075195,28,10464.939224243164,0.19400282014679326,0.02,1,0.0
2025-03-20,71.3855972290039,73.16378096557594,71.04783789058574,72.4385969247846,25202300,73.99080505371094,3.1356436273353676,78.69427049471399,69.2873396127079,hold,0.19157474929870283,8434.711502075195,28,10433.508224487305,0.19157474929870283,0.02,1,0.0
2025-03-21,67.4914779663086,68.27626347510602,64.73976063331892,66.15038429666401,77287000,73.91556594848633,3.245863266360043,78.7843608480264,69.04677104894627,buy,0.353000085401854,6679.933074951172,54,10324.472885131836,0.18303708131947985,0.02,1,0.25
2025-03-24,66.94510650634766,68.43520386009457,66.24973077287659,68.10738062330375,26552500,73.84521362304687,3.358399446418105,78.88281279267403,68.80761445341972,buy,0.695789032200288,3131.842430114746,107,10294.968826293945,0.3511458667179024,0.02,1,0.5
2025-03-25,66.10072326660156,67.60075680981805,65.80270074735702,67.11398618978349,17394100,73.75975280761719,3.4999256154043845,79.00964123072377,68.5098643845106,buy,0.984584444506703,157.30988311767578,152,10204.619819641113,0.6930956286987975,0.02,1,0.75
2025-03-26,65.30599975585938,66.15038676448789,64.52121421778453,65.94177403852277,18688300,73.64100158691406,3.6829837951446205,79.16547727963099,68.11652589419712,buy,0.9973524042755153,26.69788360595703,154,10083.8218460083,0.9843997756485605,0.02,1,1.0
2025-03-27,65.36560821533203,66.65702139950898,64.85897298311782,65.06758570719963,16435800,73.54143157958984,3.837970963660696,79.29838802508088,67.7844751340988,buy,0.9973548122947412,26.69788360595703,154,10093.00154876709,0.9973548122947412,0.02,1,1.0
2025-03-28,62.87217712402344,65.42521036283372,62.723165868414206,65.42521036283372,19600300,73.39396957397462,4.099905775213363,79.54382823679467,67.24411091115456,buy,0.9972501959607997,26.69788360595703,154,9709.013160705566,0.9972501959607997,0.02,1,1.0
2025-03-31,63.06092071533203,63.56755594704909,62.23640213497865,62.42514643903217,17400000,73.24949172973633,4.332396923896439,79.74808711558099,66.75089634389168,buy,0.9972584036585902,26.69788360595703,154,9738.07967376709,0.9972584036585902,0.02,1,1.0
2025-04-01,64.33247375488281,64.72983457663487,62.882109408147336,63.40861306539586,13489500,73.13578231811523,4.490664492655192,79.87177905709802,66.39978557913244,buy,0.9973124466001746,26.69788360595703,154,9933.89884185791,0.9973124466001746,0.02,1,1.0
2025-04-02,64.5311508178711,64.96824848269242,63.736436747955544,63.87551189966645,11161400,72.9799871826172,4.651748339128959,79.95760969131064,66.00236467392375,buy,0.9973206988098827,26.69788360595703,154,9964.495109558105,0.9973206988098827,0.02,1,1.0
2025-04-03,55.213077545166016,58.292610659645156,55.034265553794846,55.99785929672429,71499500,72.62063240051269,5.286612511591406,80.5505511678998,64.69071363312558,buy,0.9968699400209579,26.69788360595703,154,8529.511825561523,0.9968699400209579,0.02,1,1.0
2025-04-04,56.87205123901367,58.82904705324507,52.15340943315665,52.86865740374146,67775700,72.2895150756836,5.734516839597842,80.89129033508036,63.687739816286836,buy,0.9969609672708348,26.69788360595703,154,8784.993774414062,0.9969609672708348,0.02,1,1.0
2025-04-07,55.24287796020508,56.80251292849869,53.04746871050689,55.03426523465301,45374400,71.94004722595214,6.219864185304731,81.26984350390924,62.61025094799504,buy,0.9968716232294371,26.69788360595703,154,8534.101089477539,0.9968716232294371,0.02,1,1.0
2025-04-08,52.9183235168457,58.38201371473518,52.02426360502204,58.38201371473518,30404300,71.50435485839844,6.761761948342961,81.64699778091288,61.361711935884,buy,0.9967346510852848,26.69788360595703,154,8176.119705200195,0.9967346510852848,0.02,1,1.0
2025-04-09,58.928382873535156,59.15686401236468,52.13353880879544,52.92825663722714,44732500,71.21238754272461,6.984169500059229,81.68864179281346,60.73613329263577,buy,0.9970667045728314,26.69788360595703,154,9101.668846130371,0.9970667045728314,0.02,1,1.0
2025-04-10,54.04086685180664,56.87205037658213,51.934859812468545,56.85218195664344,53919800,70.77937812805176,7.3617569835617065,81.82201360339432,59.7367426527092,buy,0.996802262405756,26.69788360595703,154,8348.99137878418,0.996802262405756,0.02,1,1.0
2025-04-11,54.03092956542969,54.66670383150909,52.511031473739024,54.04086566993855,22617100,70.31157600402832,7.667895967791799,81.81341995571603,58.80973205234063,buy,0.9968016761637298,26.69788360595703,154,8347.461036682129,0.9968016761637298,0.02,1,1.0
2025-04-14,55.04419708251953,56.31574563453225,54.309080707441176,55.272678226114714,28346600,69.89230751037597,7.919097838747131,81.77095426849667,58.01366075225528,buy,0.9968603668710808,26.69788360595703,154,8503.504234313965,0.9968603668710808,0.02,1,1.0
2025-04-15,54.4680290222168,55.024329628732175,53.812382525371675,54.319017765749514,15977100,69.46764373779297,8.166683665181262,81.71766923556487,57.217618240021075,buy,0.9968272609001866,26.69788360595703,154,8414.774353027344,0.9968272609001866,0.02,1,1.0
2025-04-16,53.196475982666016,54.78591546991126,52.98786325787255,54.35875391561208,19094900,69.01497901916504,8.429868064345387,81.65978111568312,56.37017692264696,buy,0.9967516694025916,26.69788360595703,154,8218.955184936523,0.9967516694025916,0.02,1,1.0
2025-04-17,55.391883850097656,55.65016951301694,53.29581675994091,53.464692640722845,18935100,68.64872352600098,8.617684211742223,81.57524984361432,55.72219720838764,buy,0.9968800124041829,26.69788360595703,154,8557.047996520996,0.9968800124041829,0.02,1,1.0
2025-04-21,55.749507904052734,55.987925147911035,53.14680558862677,54.86538408095662,17280900,68.34556365966797,8.801266107031077,81.54746282021459,55.14366449912136,hold,0.9968999645739598,26.69788360595703,154,8612.122100830078,0.9968999645739598,0.02,1,0.9
2025-04-22,56.68330383300781,57.706502787605814,55.868717595257536,56.276010714132674,16852200,68.12156951904296,8.954462631213556,81.5532634658633,54.68987557222263,hold,0.9969508785762708,26.69788360595703,154,8755.92667388916,0.9969508785762708,0.02,1,0.8
2025-04-23,57.01112365722656,58.80917581282663,56.32568024462883,58.61049540946811,21660300,67.8594563293457,9.085718343790983,81.48803384503218,54.23087881365923,hold,0.9969683581849841,26.69788360595703,154,8806.410926818848,0.9969683581849841,0.02,1,0.7000000000000001
2025-04-24,58.093929290771484,58.31247811873753,56.75284316710287,57.428354281258294,14508500,67.61109214782715,9.18095652316167,81.38252693256966,53.83965736308464,hold,0.997024696461809,26.69788360595703,154,8973.162994384766,0.997024696461809,0.02,1,0.6000000000000001
2025-04-25,57.23960494995117,57.86544689589763,56.2362744050649,57.82571005721548,17156000,67.32745483398438,9.279376328736035,81.24651932708844,53.408390340880324,hold,0.9969804229408598,26.69788360595703,154,8841.597045898438,0.9969804229408598,0.02,1,0.5000000000000001
2025-04-28,56.93165588378906,57.69657300194135,56.42502064693489,57.34888133577378,13321200,67.01887908935547,9.364735352319387,81.06598211783455,52.97177606087638,hold,0.996964139329442,26.69788360595703,154,8794.172889709473,0.996964139329442,0.02,1,0.40000000000000013
2025-04-29,57.16013717651367,57.358817587760264,56.36541932104093,56.62370120300195,12968000,66.71823356628418,9.43627941615416,80.87265269051542,52.563814442052944,hold,0.9969762376204908,26.69788360595703,154,8829.359008789062,0.9969762376204908,0.02,1,0.30000000000000016
2025-04-30,56.02766418457031,56.21640849245647,54.38855551622119,55.49122820698184,17205900,66.30499458312988,9.443112842847784,80.46966384740156,52.1403253188582,hold,0.9969153076089292,26.69788360595703,154,8654.958168029785,0.9969153076089292,0.02,1,0.20000000000000015
2025-05-01,56.385284423828125,56.832314405498416,55.88858528630862,56.30581453237212,10527000,65.91491996765137,9.441966584541227,80.07786984446321,51.751970090839535,hold,0.9969348121141377,26.69788360595703,154,8710.031684875488,0.9969348121141377,0.02,1,0.10000000000000014
2025-05-02,58.20320510864258,58.31247952526135,56.931656528744895,57.48795713769329,14723900,65.55230804443359,9.38162446698503,79.62474474491114,51.47987134395604,hold,0.9970302659692116,26.69788360595703,154,8989.991470336914,0.9970302659692116,0.02,1,1.3877787807814457e-16
2025-05-05,56.97138977050781,57.954855733856355,56.91178829907158,57.73630689988697,15971000,65.1794905090332,9.344002498692094,79.19549425707135,51.163486760995056,hold,0.9969662502239403,26.69788360595703,154,8800.29190826416,0.9969662502239403,0.02,1,0.0
2025-05-06,56.66343688964844,57.3389480004272,56.41508732802429,56.77271130308523,11440300,64.72579132080078,9.191479952686745,78.5130112498309,50.938571391770665,hold,0.9969498127751901,26.69788360595703,154,8752.867164611816,0.9969498127751901,0.02,1,0.0
2025-05-07,58.23300552368164,58.42175362026178,57.180005782818384,57.487956821215604,11883500,64.27501762390136,8.937661004314416,77.68150913037299,50.86852611742974,hold,0.9970317812030652,26.69788360595703,154,8994.58073425293,0.9970317812030652,0.02,1,0.0
2025-05-08,58.52109146118164,59.991320434158354,58.41181704604256,59.29594089287533,19009000,63.84087814331055,8.670135821251701,76.8460818751881,50.835674411433,hold,0.997046349906436,26.69788360595703,154,9038.94596862793,0.997046349906436,0.02,1,0.0
2025-05-09,57.91511535644531,58.98798725094344,57.835645469545526,58.749570011217145,13954400,63.417352294921876,8.423677521237542,76.0528685767782,50.781836013065565,hold,0.9970155375761294,26.69788360595703,154,8945.625648498535,0.9970155375761294,0.02,1,0.0
2025-05-12,62.16686248779297,63.05098629814157,61.40194540289801,61.9681820856946,29776600,63.09052429199219,8.1384024516933,75.29812796953215,50.88292061445224,hold,0.9972190847958311,26.69788360595703,154,9600.394706726074,0.9972190847958311,0.02,1,0.0
2025-05-13,61.97811508178711,62.36553978590513,61.56088964335649,62.19666390544897,17003100,62.772239456176756,7.853926709943431,74.5531295210919,50.99134939126161,hold,0.9972106394531246,26.69788360595703,154,9571.327606201172,0.9972106394531246,0.02,1,0.0
2025-05-14,61.322471618652344,62.45494498225841,61.11385890209617,61.64035874564656,13736300,62.462497787475584,7.589980877102682,73.84746910312961,51.077526471821564,hold,0.9971809004305748,26.69788360595703,154,9470.358512878418,0.9971809004305748,0.02,1,0.0
2025-05-15,61.98805236816406,62.266202665754655,60.021120496730724,60.23966932455967,14371100,62.15633247375488,7.281901930868589,73.07918537005776,51.233479577451995,hold,0.9972110853675951,26.69788360595703,154,9572.857948303223,0.9972110853675951,0.02,1,0.0
2025-05-16,62.693363189697266,63.32913745349648,62.08738966029066,62.08738966029066,12950600,61.86626022338867,6.951932704954758,72.29415928082081,51.438361165956536,hold,0.9972423746010819,26.69788360595703,154,9681.475814819336,0.9972423746010819,0.02,1,0.0
2025-05-19,61.670166015625,62.01785389203653,61.35227508495978,61.739703590907304,15105300,61.53824020385742,6.546846321748426,71.35850968648006,51.71797072123478,hold,0.9971967498677318,26.69788360595703,154,9523.903450012207,0.9971967498677318,0.02,1,0.0
2025-05-20,62.146995544433594,62.77283371006201,61.868841459085175,62.087390285534596,10771800,61.263267517089844,6.211664614743649,70.58076443920532,51.94577059497437,hold,0.9972181982751781,26.69788360595703,154,9597.33519744873,0.9972181982751781,0.02,1,0.0
2025-05-21,59.58402633666992,61.35227400179671,59.48468802788146,60.76616888511225,17354700,60.981341171264646,5.951017809693158,69.90786788580438,52.05481445672491,hold,0.9970988879730345,26.69788360595703,154,9202.637939453125,0.9970988879730345,0.02,1,0.0
2025-05-22,60.91518020629883,61.213198922512845,59.76283839129468,60.18006762560516,16764500,60.737759857177736,5.688569560902957,69.27061419853217,52.2049055158233,hold,0.9971621048432654,26.69788360595703,154,9407.635635375977,0.9971621048432654,0.02,1,0.0
2025-05-23,59.62376403808594,59.981388018116945,59.097264172770075,59.46482046801811,14282400,60.48702621459961,5.445933167143822,68.65592596531535,52.31812646388388,hold,0.9971008158837794,26.69788360595703,154,9208.757545471191,0.9971008158837794,0.02,1,0.0
2025-05-27,62.41521453857422,62.42514685379519,60.43835033240071,60.72643673748618,16642100,60.31159210205078,5.231268894804554,68.15849544425761,52.46468875984395,hold,0.9972301194929354,26.69788360595703,154,9638.640922546387,0.9972301194929354,0.02,1,0.0
2025-05-28,61.37214279174805,62.69336428578485,61.15359775319214,62.325807993633624,10015600,60.07476600646973,4.892320307336398,67.41324646747432,52.73628554546514,hold,0.9971831756248585,26.69788360595703,154,9478.007873535156,0.9971831756248585,0.02,1,0.0
2025-05-29,61.034385681152344,62.48474997209163,60.72643465617947,62.07745685074566,12218000,59.8389331817627,4.53636206972206,66.64347628634579,53.03439007717961,hold,0.9971676318010068,26.69788360595703,154,9425.993278503418,0.9971676318010068,0.02,1,0.0
2025-05-30,60.189998626708984,60.71649847351042,59.703231828892065,60.59729174752987,18155100,59.59257049560547,4.1525265396603706,65.82136030509602,53.363780686114914,hold,0.9971280114919164,26.69788360595703,154,9295.95767211914,0.9971280114919164,0.02,1,0.0
2025-06-02,61.56999969482422,61.599998474121094,59.599998474121094,60.04999923706055,14065300,59.39625854492188,3.8007469300040264,65.09737893992792,53.695138149915834,hold,0.9971922021521503,26.69788360595703,154,9508.477836608887,0.9971922021521503,0.02,1,0.0
2025-06-03,62.369998931884766,62.45000076293945,60.459999084472656,61.2400016784668,10286100,59.2938289642334,3.6439050244390443,64.75968650089196,53.82797142757483,hold,0.9972281170129925,26.69788360595703,154,9631.677719116211,0.9972281170129925,0.02,1,0.0
2025-06-04,62.77000045776367,63.040000915527344,62.27000045776367,62.380001068115234,10242300,59.21032684326172,3.510384703451553,64.47590389843904,53.94474978808439,hold,0.9972457321731231,26.69788360595703,154,9693.277954101562,0.9972457321731231,0.02,1,0.0
2025-06-05,62.66999816894531,63.65999984741211,62.22999954223633,62.939998626708984,12336300,59.14171234130859,3.4048992399073925,64.24906120116968,54.0343634814475,hold,0.9972413493221408,26.69788360595703,154,9677.877601623535,0.9972413493221408,0.02,1,0.0
2025-06-06,62.79999923706055,63.09000015258789,62.119998931884766,62.66999816894531,13299600,59.09159233093262,3.329928067411508,64.08648443204989,54.096700229815355,hold,0.9972470442306326,26.69788360595703,154,9697.897766113281,0.9972470442306326,0.02,1,0.0
2025-06-09,61.90999984741211,63.4900016784668,61.880001068115234,63.29999923706055,11640000,59.022480163574215,3.231458717808148,63.86966824028644,54.175292086861994,hold,0.997207579084951,26.69788360595703,154,9560.837860107422,0.997207579084951,0.02,1,0.0
2025-06-10,63.869998931884766,64.16000366210938,62.25,62.380001068115234,15287000,59.042436599731445,3.258684802169527,63.930463802985734,54.154409396477156,hold,0.9972930390339928,26.69788360595703,154,9862.677719116211,0.9972930390339928,0.02,1,0.0
2025-06-11,63.11000061035156,64.8499984741211,62.58000183105469,64.4000015258789,10238700,59.04341819763184,3.259927129431832,63.93330889177959,54.153527503484085,hold,0.9972605299245344,26.69788360595703,154,9745.637977600098,0.9972605299245344,0.02,1,0.0
2025-06-12,62.79999923706055,62.93000030517578,61.7599983215332,62.7400016784668,9830500,59.01276870727539,3.2160945463632675,63.83691052682029,54.18862688773049,hold,0.9972470442306326,26.69788360595703,154,9697.897766113281,0.9972470442306326,0.02,1,0.0
2025-06-13,60.529998779296875,62.779998779296875,60.11000061035156,61.75,16509700,58.932745666503905,3.1244565373851083,63.61943047258157,54.24606086042624,hold,0.9971440975290696,26.69788360595703,154,9348.317695617676,0.9971440975290696,0.02,1,0.0
2025-06-16,61.900001525878906,62.18000030517578,61.2400016784668,61.380001068115234,13681600,59.066484146118164,3.105043893350535,63.72404998614397,54.40891830609236,hold,0.9972071293023037,26.69788360595703,154,9559.298118591309,0.9972071293023037,0.02,1,0.0
2025-06-17,60.0,61.29999923706055,59.68000030517578,61.29999923706055,13649700,59.129043121337894,3.0914094803961523,63.76615734193212,54.491928900743666,hold,0.9971189431293331,26.69788360595703,154,9266.697883605957,0.9971189431293331,0.02,1,0.0
2025-06-18,59.5099983215332,60.45000076293945,59.369998931884766,60.0,14194300,59.214385528564456,3.0404165164448758,63.77501030323177,54.653760753897146,hold,0.9970952895904917,26.69788360595703,154,9191.23762512207,0.9970952895904917,0.02,1,0.0
2025-06-20,59.790000915527344,60.040000915527344,59.189998626708984,59.75,19084000,59.351819076538085,2.902177346909919,63.70508509690296,54.99855305617321,hold,0.9971088533133713,26.69788360595703,154,9234.358024597168,0.9971088533133713,0.02,1,0.0
2025-06-23,60.779998779296875,61.29999923706055,59.439998626708984,59.58000183105469,15921300,59.38885139465332,2.9084706118825796,63.75155731247719,55.026145476829456,hold,0.9971558110030814,26.69788360595703,154,9386.817695617676,0.9971558110030814,0.02,1,0.0
2025-06-24,61.41999816894531,61.97999954223633,60.47999954223633,61.33000183105469,12564000,59.5364340209961,2.8173531168903043,63.76246369633155,55.31040434566064,hold,0.9971853641755508,26.69788360595703,154,9485.377601623535,0.9971853641755508,0.02,1,0.0
2025-06-25,60.83000183105469,61.529998779296875,60.36000061035156,61.45000076293945,12186200,59.67241546630859,2.7081684501794383,63.73466814157775,55.610162791039436,hold,0.9971581423192357,26.69788360595703,154,9394.518165588379,0.9971581423192357,0.02,1,0.0
2025-06-26,62.540000915527344,62.72999954223633,60.81999969482422,61.560001373291016,39659800,59.82233154296875,2.653659547743902,63.802820864584604,55.84184222135289,hold,0.997235630971385,26.69788360595703,154,9657.858024597168,0.997235630971385,0.02,1,0.0
2025-06-27,72.04000091552734,74.19000244140625,69.69000244140625,69.79000091552734,117530300,60.17377098083496,3.0622152387737276,64.76709383899555,55.58044812267437,sell,0.8745188637500365,1395.4579010009766,135,11120.858024597168,0.9975992964259677,0.02,1,0.25
2025-06-30,71.04000091552734,71.70999908447266,70.05999755859375,71.44999694824219,31090400,60.53064147949219,3.2654825130910243,65.42886524912872,55.63241770985565,sell,0.6595825357618792,3739.777931213379,102,10985.858024597168,0.8729768855671931,0.02,1,0.5
2025-07-01,73.41000366210938,73.94000244140625,71.83000183105469,71.98999786376953,27512900,60.89100387573242,3.657487465761795,66.37723507437512,55.40477267708973,sell,0.41845460684035635,6529.358070373535,64,11227.598304748535,0.666912029651818,0.02,1,0.75
2025-07-02,76.38999938964844,76.83999633789062,73.0,73.16999816894531,36882300,61.303813705444334,4.191212373638971,67.59063226590278,55.01699514498588,sell,0.2140840685787133,8973.838050842285,32,11418.318031311035,0.4281681371574266,0.02,1,1.0
2025-07-03,76.38999938964844,77.02999877929688,75.58000183105469,76.2699966430664,12022600,61.697947616577146,4.64938794942362,68.67202954071257,54.72386569244172,sell,0.10704203428935664,10196.07804107666,16,11418.318031311035,0.2140840685787133,0.02,1,1.0
2025-07-07,76.52999877929688,77.5,75.8499984741211,76.04000091552734,17296900,62.088325119018556,5.050009699030905,69.66333966756491,54.5133105704722,sell,0.053608588046166916,10808.318031311035,8,11420.55802154541,0.10721717609233383,0.02,1,1.0
2025-07-08,73.91999816894531,76.30000305175781,73.6500015258789,76.12999725341797,19572400,62.40484649658203,5.2850410769355625,70.33240811198537,54.47728488117869,sell,0.02593757404758221,11103.998023986816,4,11399.678016662598,0.05187514809516442,0.02,1,1.0
2025-07-09,73.55999755859375,74.91999816894531,73.41999816894531,74.12999725341797,12076700,62.73125434875488,5.460585807594772,70.92213306014705,54.54037563736272,sell,0.012907257677338455,11251.118019104004,2,11398.238014221191,0.02581451535467691,0.02,1,1.0
2025-07-10,74.62000274658203,75.5,72.94999694824219,73.12000274658203,13033000,63.08502128601074,5.646980978779903,71.55549275418059,54.61454981784089,sell,0.013090817426186707,11251.118019104004,2,11400.358024597168,0.013090817426186707,0.02,1,1.0
2025-07-11,72.62999725341797,73.83999633789062,72.4000015258789,73.69000244140625,12771400,63.394418487548826,5.738781954337092,72.00259141905447,54.786245556043184,sell,0.012746154465335396,11251.118019104004,2,11396.37801361084,0.012746154465335396,0.02,1,1.0
2025-07-14,72.25,72.58000183105469,71.02999877929688,72.33999633789062,11385400,63.71886520385742,5.772270569819246,72.37727105858629,55.06045934912855,hold,0.012680312709477911,11251.118019104004,2,11395.618019104004,0.012680312709477911,0.02,1,0.9
2025-07-15,71.98999786376953,72.87999725341797,71.58000183105469,72.26000213623047,9708300,64.03095947265625,5.789498508151726,72.71520723488383,55.346711710428664,hold,0.012635257330839866,11251.118019104004,2,11395.098014831543,0.012635257330839866,0.02,1,0.8
2025-07-16,72.0999984741211,72.70999908447266,71.1500015258789,71.9000015258789,9008600,64.30889533996582,5.8373893521509945,73.06497936819231,55.55281131173932,hold,0.012654319672791223,11251.118019104004,2,11395.318016052246,0.012654319672791223,0.02,1,0.7000000000000001
2025-07-17,72.9800033569336,73.20999908447266,72.04000091552734,72.12000274658203,9180400,64.62906761169434,5.865680571997241,73.42758846969019,55.83054675369848,hold,0.012806791914841952,11251.118019104004,2,11397.078025817871,0.012806791914841952,0.02,1,0.6000000000000001
2025-07-18,72.47000122070312,73.27999877929688,72.12000274658203,73.27999877929688,8793500,64.94519889831543,5.853546348075674,73.72551842042894,56.16487937620192,hold,0.012718433178155323,11251.118019104004,2,11396.05802154541,0.012718433178155323,0.02,1,0.5000000000000001
