date,close,high,low,open,volume,short_ma,long_ma,signal,position_pct,cash,shares,portfolio_value,equity_pct,risk_budget,max_position_pct,signal_strength,buy_hold_value
2024-03-13,50.244632720947266,51.0709244681701,49.80659506431831,49.8364636848741,847700,45.5705961227417,46.38414710998535,hold,0.0,10000.0,0,10000.0,0.0,0.02,1,0.0,10000.0
2024-03-14,48.81106185913086,49.35860894561778,48.044499735712414,48.81106185913086,1127600,46.00016918182373,46.176876831054685,hold,0.0,10000.0,0,10000.0,0.0,0.02,1,0.0,9714.719398498535
2024-03-15,50.09530258178711,50.52338277909794,48.80110831446602,49.199319890284606,1052000,46.448159790039064,46.03033416748047,buy,0.17032402877807618,8296.759712219238,34,10000.0,0.0,0.02,1,0.25,9970.283302307129
2024-03-18,49.94596862792969,51.419363165153165,49.776729570269055,51.419363165153165,1008900,46.78664150238037,45.93018333435059,hold,0.16990255888598332,8296.759712219238,34,9994.922645568848,0.16990255888598332,0.02,1,0.15,9940.565845489502
2024-03-19,47.8553466796875,48.86083872635665,47.68610762494571,48.60199761036412,930900,47.06837768554688,45.79917091369629,hold,0.16395684949416547,8296.759712219238,34,9923.841499328613,0.16395684949416547,0.02,1,0.04999999999999999,9524.532077789307
2024-03-20,50.28445053100586,51.001236651928686,47.53677673024017,47.61642132041519,1034500,47.44618301391601,45.72848785400391,hold,0.1708572529887792,8296.759712219238,34,10006.431030273438,0.1708572529887792,0.02,1,0.0,10007.92374420166
2024-03-21,49.3088264465332,50.88177290308037,49.27896162443723,49.428293330243164,856600,47.76425628662109,45.6675611114502,hold,0.16809951118144587,8296.759712219238,34,9973.259811401367,0.16809951118144587,0.02,1,0.0,9813.774551391602
2024-03-22,47.755794525146484,48.840927358057485,47.55668685166811,48.49248798005458,878100,47.97829627990723,45.61917808532715,hold,0.16367159886775892,8296.759712219238,34,9920.456726074219,0.16367159886775892,0.02,1,0.0,9504.721199035645
2024-03-25,46.143028259277344,47.28789459484951,46.09325228765751,46.7702161351442,928200,48.08929843902588,45.54630500793457,hold,0.15902320743560802,8296.759712219238,34,9865.622673034668,0.15902320743560802,0.02,1,0.0,9183.780712127686
2024-03-26,45.655216217041016,46.8996344357887,45.655216217041016,46.15298350454009,960600,48.099751472473145,45.49075416564941,hold,0.15760701694549464,8296.759712219238,34,9849.037063598633,0.15760701694549464,0.02,1,0.0,9086.706115722656
2024-03-27,48.273475646972656,48.691598366678775,45.94392447209558,45.94392447209558,1348900,48.222700119018555,45.47462661743164,hold,0.16515280863918003,8296.759712219238,34,9938.057884216309,0.16515280863918003,0.02,1,0.0,9607.739742279053
2024-03-28,48.94047927856445,49.438246563251916,48.00467815051071,48.88074583724328,844300,48.19482498168945,45.48537841796875,hold,0.16705354847136575,8296.759712219238,34,9960.73600769043,0.16705354847136575,0.02,1,0.0,9740.47346496582
2024-04-01,48.771240234375,49.726952509726395,48.482534297759585,49.57762080522517,649100,48.07336978912353,45.506085510253904,hold,0.166572093041061,8296.759712219238,34,9954.981880187988,0.166572093041061,0.02,1,0.0,9706.79489517212
2024-04-02,47.90512466430664,48.38298082432424,47.41731482909965,47.56664274291961,815100,48.07287197113037,45.51086402893066,hold,0.16409940731241132,8296.759712219238,34,9925.533950805664,0.16409940731241132,0.02,1,0.0,9534.437896728516
2024-04-03,49.44820022583008,49.5577096360605,48.14405237077354,48.24360430862138,1048400,48.32673320770264,45.54690231323242,hold,0.16849459381313878,8296.759712219238,34,9977.998519897461,0.16849459381313878,0.02,1,0.0,9841.50993347168
2024-04-04,47.61642074584961,50.22472027999894,47.29784618665672,49.906149518469086,1190800,48.39642066955567,45.535155029296874,hold,0.16327191863351423,8296.759712219238,34,9915.718017578125,0.16327191863351423,0.02,1,0.0,9476.985816955566
2024-04-05,47.397403717041016,48.22369547426234,46.899636408603556,47.12860891476521,782500,48.436739921569824,45.512257766723636,hold,0.16264307415939316,8296.759712219238,34,9908.271438598633,0.16264307415939316,0.02,1,0.0,9433.401428222656
2024-04-08,49.587581634521484,50.43378455687875,47.8653071682869,48.761286062959904,1358200,48.62489624023438,45.562631912231446,hold,0.1688893229572918,8296.759712219238,34,9982.737487792969,0.1688893229572918,0.02,1,0.0,9869.24683380127
2024-04-09,51.339717864990234,51.528868067582806,49.955925409699184,49.955925409699184,1045800,48.7538179397583,45.654420166015626,hold,0.1738196079005546,8296.759712219238,34,10042.310119628906,0.1738196079005546,0.02,1,0.0,10217.92194366455
2024-04-10,50.92159652709961,51.26007844445544,49.55771138494233,49.926061922836965,1206800,48.815043449401855,45.756562042236325,hold,0.17264838990669595,8296.759712219238,34,10028.093994140625,0.17264838990669595,0.02,1,0.0,10134.715797424316
2024-04-11,50.931549072265625,51.668246334048305,50.15503331341979,51.07092330614431,905700,48.849389266967776,45.876623458862305,hold,0.1726763069962741,8296.759712219238,34,10028.43238067627,0.1726763069962741,0.02,1,0.0,10136.696353912354
2024-04-12,47.72592544555664,50.89172565058859,47.70601429863445,50.61297718900386,990800,48.79513244628906,45.99349914550781,hold,0.16358597587646134,8296.759712219238,34,9919.441177368164,0.16358597587646134,0.02,1,0.0,9498.777252197266
2024-04-15,46.74034881591797,48.512399135071895,45.97378674138229,47.92503358692965,784700,48.62738475799561,46.08887138366699,hold,0.16075084560048872,8296.759712219238,34,9885.93157196045,0.16075084560048872,0.02,1,0.0,9302.64750289917
2024-04-16,45.326690673828125,46.24258451195485,45.316736998459284,45.704994898119374,827800,48.396420860290526,46.186234664916995,hold,0.15665056788661869,8296.759712219238,34,9837.867195129395,0.15665056788661869,0.02,1,0.0,9021.329532623291
2024-04-17,45.81450271606445,46.84985961078823,45.615395036669405,45.78463789333728,1107400,48.294378662109374,46.319039001464844,hold,0.1580699733651912,8296.759712219238,34,9854.45280456543,0.1580699733651912,0.02,1,0.0,9118.40412902832
2024-04-18,45.60544204711914,46.33218185982067,45.386423216726314,45.81450340467783,1144500,48.06042823791504,46.424366607666016,hold,0.15746224695645888,8296.759712219238,34,9847.344741821289,0.15746224695645888,0.02,1,0.0,9076.801055908203
2024-04-19,44.78910446166992,45.64526104936122,44.6397727488148,45.097717764997796,1463900,47.834442138671875,46.51436294555664,hold,0.15508077891737385,8296.759712219238,34,9819.589263916016,0.15508077891737385,0.02,1,0.0,8914.349876403809
2024-04-22,43.7935676574707,44.77914476075517,42.60887908184398,44.400840558630954,1241300,47.63633079528809,46.58484680175781,hold,0.15215825745243833,8296.759712219238,34,9785.741012573242,0.15215825745243833,0.02,1,0.0,8716.238052368164
2024-04-23,44.589996337890625,45.07780617277463,43.17633520915264,43.255979801267756,1257800,47.55867919921875,46.67544044494629,hold,0.15449788533638625,8296.759712219238,34,9812.81958770752,0.15449788533638625,0.02,1,0.0,8874.727359771729
2024-04-24,43.0767822265625,44.60990640879198,42.54915010836086,43.81347569752367,2556300,47.42975749969482,46.70570472717285,hold,0.15004149514893844,8296.759712219238,34,9761.370307922363,0.15004149514893844,0.02,1,0.0,8573.597751617432
2024-04-25,43.31570816040039,43.425217572472604,41.94187316621185,43.05687083904493,1212300,47.18186912536621,46.7835555267334,hold,0.15074824849271237,8296.759712219238,34,9769.493789672852,0.15074824849271237,0.02,1,0.0,8621.144012451172
2024-04-26,43.94289779663086,44.45062258272804,43.43517680819689,43.6143733447414,859200,46.93199005126953,46.85802146911621,hold,0.15259792275510042,8296.759712219238,34,9790.818237304688,0.15259792275510042,0.02,1,0.0,8745.954750061035
2024-04-29,46.99918746948242,47.24807111903189,45.4959318971754,45.58553016291974,1503600,46.8433874130249,46.97529541015625,sell,0.14249760496836048,8484.756462097168,30,9894.73208618164,0.16149728563080853,0.02,1,0.25,9354.156394958496
2024-04-30,45.4859733581543,46.09325005644444,44.83887816309368,45.62535138867151,1615900,46.72242984771729,47.021488189697266,hold,0.13854530370943935,8484.756462097168,30,9849.335662841797,0.13854530370943935,0.02,1,0.15,9053.0267868042
2024-05-01,45.62535095214844,46.92949880223204,44.629816386814156,45.605439805122195,681200,46.531287384033206,47.089582748413086,hold,0.13891086095062863,8484.756462097168,30,9853.516990661621,0.13891086095062863,0.02,1,0.04999999999999999,9080.762928009033
2024-05-02,46.4914665222168,46.989233821603136,45.34660021456297,46.39191078374166,723700,46.475039672851565,47.16484519958496,hold,0.1411755585850966,8484.756462097168,30,9879.500457763672,0.1411755585850966,0.02,1,0.0,9253.119926452637
2024-05-03,47.46709060668945,48.25356386165362,47.377492339697795,47.64628714067276,835400,46.47852401733398,47.25523979187012,hold,0.14371237156599895,8484.756462097168,30,9908.769180297852,0.14371237156599895,0.02,1,0.0,9447.269119262695
2024-05-06,47.7458381652832,48.36307234721463,47.4073562517819,48.23365178678861,622400,46.38643684387207,47.3406566619873,hold,0.14443441931731704,8484.756462097168,30,9917.131607055664,0.14443441931731704,0.02,1,0.0,9502.739883422852
2024-05-07,47.795616149902344,48.63186539511307,47.287895157082346,47.40735824992295,803100,46.209231758117674,47.418109283447265,hold,0.1445632325264419,8484.756462097168,30,9918.624946594238,0.1445632325264419,0.02,1,0.0,9512.64570236206
2024-05-08,47.48699951171875,47.74583682765623,46.471553799663134,47.029054523241605,1192400,46.037501907348634,47.45892616271973,hold,0.14376398258219053,8484.756462097168,30,9909.36644744873,0.14376398258219053,0.02,1,0.0,9451.230991363525
2024-05-09,48.29999923706055,49.45000076293945,47.5,47.900001525878906,1365200,45.90592441558838,47.50863609313965,hold,0.14586626780907858,8484.756462097168,30,9933.756439208984,0.14586626780907858,0.02,1,0.0,9613.017936706543
2024-05-10,46.790000915527344,48.65999984741211,46.380001068115234,48.65999984741211,1139400,45.85912818908692,47.45447647094726,hold,0.141953400811076,8484.756462097168,30,9888.456489562988,0.141953400811076,0.02,1,0.0,9312.528270721436
2024-05-13,48.099998474121094,48.209999084472656,46.709999084472656,47.20000076293945,725900,45.92711067199707,47.39246955871582,hold,0.14535005631800188,8484.756462097168,30,9927.7564163208,0.14535005631800188,0.02,1,0.0,9573.217784881592
2024-05-14,49.5099983215332,49.68000030517578,48.400001525878906,48.4900016784668,1106700,46.13627605438232,47.424367904663086,hold,0.14897608281298644,8484.756462097168,30,9970.056411743164,0.14897608281298644,0.02,1,0.0,9853.807754516602
2024-05-15,47.97999954223633,50.0099983215332,47.91999816894531,50.0099983215332,1142900,46.24455089569092,47.496548385620116,hold,0.1450400337556486,8484.756462097168,30,9924.156448364258,0.1450400337556486,0.02,1,0.0,9549.337997436523
2024-05-16,47.970001220703125,48.4900016784668,47.20000076293945,48.040000915527344,878900,46.36277885437012,47.5314949798584,hold,0.14501419249733852,8484.756462097168,30,9923.856498718262,0.14501419249733852,0.02,1,0.0,9547.348331451416
2024-05-17,47.849998474121094,48.66999816894531,47.540000915527344,47.90999984741211,740600,46.51582355499268,47.556674575805665,hold,0.14470391630824672,8484.756462097168,30,9920.2564163208,0.14470391630824672,0.02,1,0.0,9523.467784881592
2024-05-20,48.900001525878906,48.91999816894531,47.380001068115234,47.849998474121094,700800,46.771145248413085,47.61818550109863,hold,0.14741116752763395,8484.756462097168,30,9951.756507873535,0.14741116752763395,0.02,1,0.0,9732.418392181396
2024-05-21,47.310001373291016,48.970001220703125,47.150001525878906,48.36000061035156,565500,46.907145500183105,47.58915985107422,hold,0.14330492164765135,8484.756462097168,30,9904.056503295898,0.14330492164765135,0.02,1,0.0,9416.008361816406
2024-05-22,47.5099983215332,47.72999954223633,46.459999084472656,46.70000076293945,1138900,47.12880630493164,47.54541809082031,hold,0.14382359599457498,8484.756462097168,30,9910.056411743164,0.14382359599457498,0.02,1,0.0,9455.807754516602
2024-05-23,48.619998931884766,50.38999938964844,47.150001525878906,47.619998931884766,1860000,47.39402084350586,47.512925415039064,hold,0.1466909064576964,8484.756462097168,30,9943.356430053711,0.1466909064576964,0.02,1,0.0,9676.697875976562
2024-05-24,49.45000076293945,49.720001220703125,48.16999816894531,48.59000015258789,1396700,47.66937599182129,47.52570419311523,buy,0.32244857006162675,6754.006435394287,65,9968.256484985352,0.14882241695152004,0.02,1,0.25,9841.868240356445
2024-05-28,49.61000061035156,50.72999954223633,49.130001068115234,49.70000076293945,1159800,47.799916648864745,47.515998153686525,hold,0.32315473007112966,6754.006435394287,65,9978.656475067139,0.32315473007112966,0.02,1,0.15,9873.708209991455
2024-05-29,47.0099983215332,48.900001525878906,46.970001220703125,48.619998931884766,941700,47.876117897033694,47.4572787475586,hold,0.31149408187820504,6754.006435394287,65,9809.656326293945,0.31149408187820504,0.02,1,0.04999999999999999,9356.307754516602
2024-05-30,46.75,47.31999969482422,46.40999984741211,46.9900016784668,982700,47.93235034942627,47.43517181396484,hold,0.31030588987355434,6754.006435394287,65,9792.756435394287,0.31030588987355434,0.02,1,0.0,9304.568088531494
2024-05-31,46.70000076293945,48.209999084472656,46.060001373291016,47.189998626708984,1126000,47.9427770614624,47.363482818603515,hold,0.31007692310605856,6754.006435394287,65,9789.506484985352,0.31007692310605856,0.02,1,0.0,9294.618240356445
2024-06-03,46.41999816894531,47.599998474121094,46.279998779296875,47.599998474121094,592500,47.8904224395752,47.30570625305176,hold,0.308791862959485,6754.006435394287,65,9771.306316375732,0.308791862959485,0.02,1,0.0,9238.897724151611
2024-06-04,45.540000915527344,45.9900016784668,45.2400016784668,45.54999923706055,731100,47.780130577087405,47.261390380859375,hold,0.3047218044255817,6754.006435394287,65,9714.106494903564,0.3047218044255817,0.02,1,0.0,9063.778270721436
2024-06-05,46.83000183105469,46.95000076293945,45.279998779296875,45.810001373291016,795000,47.73184986114502,47.275129852294924,hold,0.31067193471557175,6754.006435394287,65,9797.956554412842,0.31067193471557175,0.02,1,0.0,9320.488452911377
2024-06-06,47.06999969482422,47.099998474121094,46.11000061035156,46.36000061035156,619700,47.71099987030029,47.303425521850585,hold,0.31176770689503913,6754.006435394287,65,9813.556415557861,0.31176770689503913,0.02,1,0.0,9368.248027801514
2024-06-07,45.43000030517578,46.83000183105469,45.22999954223633,46.2400016784668,835200,47.56749992370605,47.24655601501465,hold,0.3042096699882889,6754.006435394287,65,9706.956455230713,0.3042096699882889,0.02,1,0.0,9041.888149261475
2024-06-10,45.86000061035156,45.900001525878906,44.810001373291016,45.220001220703125,547300,47.520999908447266,47.18494644165039,hold,0.3062073628860716,6754.006435394287,65,9734.906475067139,0.3062073628860716,0.02,1,0.0,9127.458209991455
2024-06-11,44.83000183105469,45.209999084472656,44.2400016784668,45.0099983215332,577600,47.357500076293945,47.106121673583985,hold,0.30140289756355093,6754.006435394287,65,9667.956554412842,0.30140289756355093,0.02,1,0.0,8922.488452911377
2024-06-12,44.38999938964844,46.400001525878906,44.150001525878906,46.13999938964844,1001500,47.10150012969971,47.03581916809082,hold,0.2993301463163922,6754.006435394287,65,9639.356395721436,0.2993301463163922,0.02,1,0.0,8834.927967071533
2024-06-13,43.58000183105469,44.56999969482422,43.459999084472656,44.20000076293945,1128500,46.881500244140625,46.91845520019531,sell,0.2591150662921547,7102.646450042725,57,9586.706554412842,0.29548209314017637,0.02,1,0.25,8673.738452911377
2024-06-14,42.41999816894531,43.150001525878906,41.52000045776367,43.0099983215332,1366400,46.604000091552734,46.81452674865723,hold,0.2539696409275159,7102.646450042725,57,9520.586345672607,0.2539696409275159,0.02,1,0.15,8442.897724151611
2024-06-17,42.18000030517578,42.59000015258789,41.41999816894531,42.20000076293945,1007900,46.320500183105466,46.71017868041992,hold,0.25289614719886944,7102.646450042725,57,9506.906467437744,0.25289614719886944,0.02,1,0.04999999999999999,8395.138149261475
2024-06-18,41.560001373291016,42.59000015258789,41.099998474121094,42.0,971000,45.95350017547607,46.54962707519531,hold,0.2501085824815182,7102.646450042725,57,9471.566528320312,0.2501085824815182,0.02,1,0.0,8271.758361816406
2024-06-20,40.38999938964844,41.150001525878906,40.18000030517578,41.06999969482422,1264200,45.607500076293945,46.33063270568848,hold,0.24479109172303842,7102.646450042725,57,9404.876415252686,0.24479109172303842,0.02,1,0.0,8038.927967071533
2024-06-21,40.77000045776367,41.459999084472656,40.29999923706055,40.4900016784668,1514300,45.27050018310547,46.127600784301755,hold,0.24652639195486264,7102.646450042725,57,9426.536476135254,0.24652639195486264,0.02,1,0.0,8114.548179626465
2024-06-24,40.68000030517578,40.880001068115234,39.810001373291016,40.599998474121094,1099600,44.87350025177002,45.92256980895996,hold,0.2461161213465437,7102.646450042725,57,9421.406467437744,0.2461161213465437,0.02,1,0.0,8096.638149261475
2024-06-25,40.22999954223633,41.189998626708984,39.97999954223633,40.959999084472656,1172200,44.41250019073486,45.772651290893556,hold,0.2440580481697283,7102.646450042725,57,9395.756423950195,0.2440580481697283,0.02,1,0.0,8007.087997436523
2024-06-26,42.77000045776367,42.81999969482422,41.0,41.0,1288300,44.070500183105466,45.69324432373047,hold,0.2555296583363713,7102.646450042725,57,9540.536476135254,0.2555296583363713,0.02,1,0.0,8512.548179626465
2024-06-27,41.47999954223633,42.369998931884766,41.029998779296875,42.369998931884766,929600,43.794000244140626,45.61631050109863,hold,0.24974737187522894,7102.646450042725,57,9467.006423950195,0.24974737187522894,0.02,1,0.0,8255.837997436523
2024-06-28,40.75,41.529998779296875,40.560001373291016,41.529998779296875,1554900,43.49400024414062,45.51502044677734,hold,0.24643525737206218,7102.646450042725,57,9425.396450042725,0.24643525737206218,0.02,1,0.0,8110.568088531494
2024-07-01,40.369998931884766,41.5,40.13999938964844,40.75,789300,43.17750015258789,45.41031158447266,hold,0.2446995368532381,7102.646450042725,57,9403.736389160156,0.2446995368532381,0.02,1,0.0,8034.9478759765625
2024-07-02,40.54999923706055,41.5,40.11000061035156,41.02000045776367,758600,42.88400020599365,45.32552947998047,hold,0.2455227149760761,7102.646450042725,57,9413.996406555176,0.2455227149760761,0.02,1,0.0,8070.767936706543
2024-07-03,42.25,42.790000915527344,40.93000030517578,41.16999816894531,695400,42.71950016021729,45.29465812683105,hold,0.25320956995480504,7102.646450042725,57,9510.896450042725,0.25320956995480504,0.02,1,0.0,8409.068088531494
2024-07-05,41.38999938964844,42.45000076293945,41.22999954223633,42.209999084472656,649700,42.44750003814697,45.23065818786621,hold,0.2493406023996305,7102.646450042725,57,9461.876415252686,0.2493406023996305,0.02,1,0.0,8237.927967071533
2024-07-08,41.5,41.900001525878906,41.2599983215332,41.40999984741211,484800,42.16900005340576,45.19912254333496,hold,0.2498377071458718,7102.646450042725,57,9468.146450042725,0.2498377071458718,0.02,1,0.0,8259.818088531494
2024-07-09,40.22999954223633,41.63999938964844,40.15999984741211,41.5,1203300,41.90900001525879,45.13740837097168,hold,0.2440580481697283,7102.646450042725,57,9395.756423950195,0.2440580481697283,0.02,1,0.0,8007.087997436523
2024-07-10,41.619998931884766,42.15999984741211,40.31999969482422,40.31999969482422,950800,41.69699993133545,45.090950393676756,hold,0.25037924506482706,7102.646450042725,57,9474.986389160156,0.25037924506482706,0.02,1,0.0,8283.697875976562
2024-07-11,42.560001373291016,42.84000015258789,41.56999969482422,42.810001373291016,1181400,41.583499908447266,45.00216667175293,hold,0.25459444199370324,7102.646450042725,57,9528.566528320312,0.25459444199370324,0.02,1,0.0,8470.758361816406
2024-07-12,42.81999969482422,42.880001068115234,42.18000030517578,42.560001373291016,770000,41.50499992370605,44.94884719848633,hold,0.2557519806863594,7102.646450042725,57,9543.386432647705,0.2557519806863594,0.02,1,0.0,8522.498027801514
2024-07-15,41.709999084472656,42.779998779296875,41.220001220703125,41.599998474121094,744900,41.41149978637695,44.870540161132816,hold,0.25078488997795495,7102.646450042725,57,9480.116397857666,0.25078488997795495,0.02,1,0.0,8301.607906341553
2024-07-16,42.619998931884766,42.650001525878906,41.18000030517578,41.849998474121094,703700,41.42149982452393,44.79311080932617,hold,0.25486187662627113,7102.646450042725,57,9531.986389160156,0.25486187662627113,0.02,1,0.0,8482.697875976562
2024-07-17,40.939998626708984,42.279998779296875,40.040000915527344,42.0,1473100,41.35949974060058,44.662568969726564,hold,0.24730012080940503,7102.646450042725,57,9436.226371765137,0.24730012080940503,0.02,1,0.0,8148.377815246582
2024-07-18,39.63999938964844,41.650001525878906,39.41999816894531,40.959999084472656,1533600,41.263499641418456,44.500452194213864,hold,0.24134260369832627,7102.646450042725,57,9362.126415252686,0.24134260369832627,0.02,1,0.0,7889.677967071533
2024-07-19,39.650001525878906,39.88999938964844,38.66999816894531,39.5,994600,41.22649974822998,44.3375399017334,hold,0.24138880054900957,7102.646450042725,57,9362.696537017822,0.24138880054900957,0.02,1,0.0,7891.6683921813965
2024-07-22,39.72999954223633,40.290000915527344,39.060001373291016,40.290000915527344,750000,41.174499702453616,44.18239990234375,hold,0.24175808490918616,7102.646450042725,57,9367.256423950195,0.24175808490918616,0.02,1,0.0,7907.587997436523
2024-07-23,38.72999954223633,39.45000076293945,38.56999969482422,39.0,703200,41.07699966430664,43.990999908447264,hold,0.2371159153284434,7102.646450042725,57,9310.256423950195,0.2371159153284434,0.02,1,0.0,7708.587997436523
2024-07-24,37.810001373291016,38.7599983215332,37.310001373291016,38.5,1619300,40.955999755859374,43.811399917602536,hold,0.23279464133737918,7102.646450042725,57,9257.816528320312,0.23279464133737918,0.02,1,0.0,7525.508361816406
2024-07-25,37.45000076293945,38.5,37.2400016784668,37.720001220703125,928600,40.68999977111817,43.59839996337891,hold,0.2310903460750275,7102.646450042725,57,9237.296493530273,0.2310903460750275,0.02,1,0.0,7453.868240356445
2024-07-26,38.33000183105469,38.900001525878906,37.77000045776367,38.630001068115234,769300,40.53249988555908,43.374800033569336,hold,0.23524310359568,7102.646450042725,57,9287.456554412842,0.23524310359568,0.02,1,0.0,7628.988452911377
2024-07-29,37.93000030517578,38.18000030517578,37.380001068115234,38.119998931884766,789000,40.39149990081787,43.17380004882813,hold,0.23336105607302138,7102.646450042725,57,9264.656467437744,0.23336105607302138,0.02,1,0.0,7549.388149261475
2024-07-30,37.72999954223633,38.22999954223633,37.459999084472656,37.7400016784668,742200,40.25949993133545,42.969000015258786,hold,0.23241655427823754,7102.646450042725,57,9253.256423950195,0.23241655427823754,0.02,1,0.0,7509.587997436523
2024-07-31,38.060001373291016,38.68000030517578,37.900001525878906,38.189998626708984,1017000,40.13500003814697,42.77320007324219,hold,0.23397373947343653,7102.646450042725,57,9272.066528320312,0.23397373947343653,0.02,1,0.0,7575.258361816406
2024-08-01,36.630001068115234,38.66999816894531,36.15999984741211,37.900001525878906,1638700,39.854000091552734,42.52780006408691,hold,0.22717993827692165,7102.646450042725,57,9190.556510925293,0.22717993827692165,0.02,1,0.0,7290.688301086426
2024-08-02,35.209999084472656,36.0,34.630001068115234,36.0,1238900,39.545000076293945,42.285800018310546,hold,0.2203133326543724,7102.646450042725,57,9109.616397857666,0.2203133326543724,0.02,1,0.0,7008.107906341553
2024-08-05,33.880001068115234,35.029998779296875,32.2400016784668,32.9900016784668,1967300,39.16400012969971,42.01320007324219,hold,0.21377035898954272,7102.646450042725,57,9033.806510925293,0.21377035898954272,0.02,1,0.0,6743.438301086426
2024-08-06,34.33000183105469,34.5099983215332,33.619998931884766,33.90999984741211,1037900,38.86900024414062,41.727400131225586,hold,0.21599641133186506,7102.646450042725,57,9059.456554412842,0.21599641133186506,0.02,1,0.0,6832.988452911377
2024-08-07,34.7599983215332,35.79999923706055,34.720001220703125,35.47999954223633,1298900,38.52600021362305,41.43360008239746,hold,0.21811176165070434,7102.646450042725,57,9083.966354370117,0.21811176165070434,0.02,1,0.0,6918.557754516602
2024-08-08,35.97999954223633,36.529998779296875,35.0,35.470001220703125,975100,38.197000122070314,41.16100006103515,hold,0.22405184187574123,7102.646450042725,57,9153.506423950195,0.22405184187574123,0.02,1,0.0,7161.337997436523
2024-08-09,36.58000183105469,37.81999969482422,36.209999084472656,37.290000915527344,1149400,37.885000228881836,40.95240013122559,hold,0.2269402153869037,7102.646450042725,57,9187.706554412842,0.2269402153869037,0.02,1,0.0,7280.738452911377
2024-08-12,35.04999923706055,36.68000030517578,34.720001220703125,36.61000061035156,1469700,37.55200023651123,40.718400115966794,hold,0.21953197575830924,7102.646450042725,57,9100.496406555176,0.21953197575830924,0.02,1,0.0,6976.267936706543
2024-08-13,36.38999938964844,36.5,35.04999923706055,35.209999084472656,1023200,37.24050025939941,40.512200088500975,hold,0.22602788479993352,7102.646450042725,57,9176.876415252686,0.22602788479993352,0.02,1,0.0,7242.927967071533
2024-08-14,35.65999984741211,36.34000015258789,34.59000015258789,36.34000015258789,1343600,36.97650032043457,40.297000122070315,hold,0.22250254049548843,7102.646450042725,57,9135.266441345215,0.22250254049548843,0.02,1,0.0,7097.658058166504
2024-08-15,36.970001220703125,37.369998931884766,36.16999816894531,36.459999084472656,730200,36.843000411987305,40.12560012817383,hold,0.2288061448730141,7102.646450042725,57,9209.936519622803,0.2288061448730141,0.02,1,0.0,7358.348331451416
2024-08-16,37.09000015258789,37.2400016784668,36.54999923706055,36.84000015258789,613200,36.71500034332276,39.93080009460449,hold,0.22937846199933473,7102.646450042725,57,9216.776458740234,0.22937846199933473,0.02,1,0.0,7382.228118896484
2024-08-19,37.529998779296875,37.779998779296875,36.58000183105469,37.279998779296875,885900,36.60500030517578,39.740000076293946,hold,0.2314697223538582,7102.646450042725,57,9241.856380462646,0.2314697223538582,0.02,1,0.0,7469.787845611572
2024-08-20,37.27000045776367,37.75,36.970001220703125,37.27000045776367,875400,36.532000350952146,39.5768000793457,hold,0.230235355803246,7102.646450042725,57,9227.036476135254,0.230235355803246,0.02,1,0.0,7418.048179626465
2024-08-21,38.45000076293945,38.540000915527344,36.939998626708984,37.810001373291016,1534400,36.56400032043457,39.42860008239746,hold,0.2358059101098344,7102.646450042725,57,9294.296493530273,0.2358059101098344,0.02,1,0.0,7652.868240356445
2024-08-22,37.5099983215332,38.20000076293945,36.7400016784668,38.20000076293945,1321600,36.567000198364255,39.28220001220703,hold,0.23137490886366804,7102.646450042725,57,9240.716354370117,0.23137490886366804,0.02,1,0.0,7465.807754516602
2024-08-23,38.63999938964844,38.93000030517578,37.709999084472656,37.84000015258789,955900,36.58250007629395,39.16720001220703,hold,0.23669532974852675,7102.646450042725,57,9305.126415252686,0.23669532974852675,0.02,1,0.0,7690.677967071533
2024-08-26,38.2400016784668,39.34000015258789,38.06999969482422,38.97999954223633,539600,36.5980001449585,39.06040000915527,hold,0.2348204499095903,7102.646450042725,57,9282.326545715332,0.2348204499095903,0.02,1,0.0,7611.078422546387
2024-08-27,37.56999969482422,38.27000045776367,37.5,38.029998779296875,822400,36.59000015258789,38.96340003967285,hold,0.23165927917742934,7102.646450042725,57,9244.136432647705,0.23165927917742934,0.02,1,0.0,7477.748027801514
2024-08-28,37.20000076293945,37.599998474121094,36.79999923706055,37.5,550400,36.547000122070315,38.863800048828125,hold,0.22990234788200994,7102.646450042725,57,9223.046493530273,0.22990234788200994,0.02,1,0.0,7404.118240356445
2024-08-29,38.790000915527344,39.27000045776367,37.099998474121094,37.47999954223633,984700,36.65500011444092,38.808400039672854,hold,0.2373960542494891,7102.646450042725,57,9313.676502227783,0.2373960542494891,0.02,1,0.0,7720.528270721436
2024-08-30,38.79999923706055,39.869998931884766,38.31999969482422,39.20000076293945,1649000,36.83450012207031,38.77660003662109,hold,0.23744271516759236,7102.646450042725,57,9314.246406555176,0.23744271516759236,0.02,1,0.0,7722.517936706543
2024-09-03,36.369998931884766,37.939998626708984,36.25,37.939998626708984,1324000,36.95900001525879,38.68860000610351,hold,0.2259317237542369,7102.646450042725,57,9175.736389160156,0.2259317237542369,0.02,1,0.0,7238.9478759765625
2024-09-04,36.45000076293945,37.130001068115234,36.0,36.119998931884766,798300,37.064999961853026,38.60400001525879,hold,0.22631622463955853,7102.646450042725,57,9180.296493530273,0.22631622463955853,0.02,1,0.0,7254.868240356445
2024-09-05,35.81999969482422,36.75,35.790000915527344,36.63999938964844,966000,37.11800003051758,38.51580001831055,hold,0.2232779637697142,7102.646450042725,57,9144.386432647705,0.2232779637697142,0.02,1,0.0,7129.498027801514
2024-09-06,34.310001373291016,35.75,33.7400016784668,35.599998474121094,1287300,37.03450012207031,38.34660003662109,hold,0.21589774128153905,7102.646450042725,57,9058.316528320312,0.21589774128153905,0.02,1,0.0,6829.008361816406
2024-09-09,34.59000015258789,34.939998626708984,34.31999969482422,34.31999969482422,606400,36.935000038146974,38.208800048828124,hold,0.21727682836888437,7102.646450042725,57,9074.276458740234,0.21727682836888437,0.02,1,0.0,6884.728118896484
2024-09-10,34.880001068115234,34.900001525878906,33.939998626708984,34.43000030517578,771800,36.926500129699704,38.09140007019043,hold,0.218700074464593,7102.646450042725,57,9090.806510925293,0.218700074464593,0.02,1,0.0,6942.438301086426
2024-09-11,38.369998931884766,39.099998474121094,37.56999969482422,38.86000061035156,2615100,37.02550010681152,38.05140007019043,hold,0.2354307859229961,7102.646450042725,57,9289.736389160156,0.2354307859229961,0.02,1,0.0,7636.9478759765625
2024-09-12,38.2599983215332,38.79999923706055,37.7400016784668,38.4900016784668,1121500,37.15550003051758,38.00560005187988,hold,0.23491439739002115,7102.646450042725,57,9283.466354370117,0.23491439739002115,0.02,1,0.0,7615.057754516602
2024-09-13,38.22999954223633,38.81999969482422,38.099998474121094,38.33000183105469,996000,37.218499946594235,37.92520004272461,hold,0.23477344959027374,7102.646450042725,57,9281.756423950195,0.23477344959027374,0.02,1,0.0,7609.087997436523
2024-09-16,38.16999816894531,38.4900016784668,37.27000045776367,38.2599983215332,594300,37.27249984741211,37.86080001831055,hold,0.23449138019712112,7102.646450042725,57,9278.336345672607,0.23449138019712112,0.02,1,0.0,7597.147724151611
2024-09-17,38.41999816894531,38.75,38.060001373291016,38.220001220703125,933600,37.31699981689453,37.799199981689455,hold,0.2356652727418238,7102.646450042725,57,9292.586345672607,0.2356652727418238,0.02,1,0.0,7646.897724151611
2024-09-18,37.630001068115234,38.4900016784668,37.13999938964844,38.41999816894531,643400,37.33499984741211,37.74720001220703,hold,0.23194343915049542,7102.646450042725,57,9247.556510925293,0.23194343915049542,0.02,1,0.0,7489.688301086426
2024-09-19,38.209999084472656,38.869998931884766,38.04999923706055,38.869998931884766,645400,37.32299976348877,37.67900001525879,hold,0.23467944955872794,7102.646450042725,57,9280.616397857666,0.23467944955872794,0.02,1,0.0,7605.107906341553
2024-09-20,36.88999938964844,38.02000045776367,36.630001068115234,37.900001525878906,854100,37.29199981689453,37.56559997558594,hold,0.2284241154686385,7102.646450042725,57,9205.376415252686,0.2284241154686385,0.02,1,0.0,7342.427967071533
2024-09-23,37.880001068115234,38.400001525878906,37.20000076293945,37.619998931884766,912300,37.253999900817874,37.46680000305176,hold,0.23312515310437631,7102.646450042725,57,9261.806510925293,0.23312515310437631,0.02,1,0.0,7539.438301086426
2024-09-24,39.22999954223633,40.13999938964844,39.20000076293945,40.0,1082100,37.30349979400635,37.41720001220703,hold,0.23944408360118893,7102.646450042725,57,9338.756423950195,0.23944408360118893,0.02,1,0.0,7808.087997436523
2024-09-25,38.45000076293945,39.459999084472656,38.439998626708984,39.34000015258789,725100,37.34749984741211,37.333800048828124,buy,0.40955763334865974,5487.746417999268,99,9294.296493530273,0.2358059101098344,0.02,1,0.25,7652.868240356445
2024-09-26,41.25,41.27000045776367,39.75,39.93000030517578,1463200,37.54999980926514,37.34000007629395,hold,0.42665742342236884,5487.746417999268,99,9571.496417999268,0.42665742342236884,0.02,1,0.15,8210.068088531494
2024-09-27,41.68000030517578,42.380001068115234,41.2599983215332,42.0,1054200,37.694499778747556,37.380800094604496,hold,0.4291961213748368,5487.746417999268,99,9614.06644821167,0.4291961213748368,0.02,1,0.04999999999999999,8295.638149261475
2024-09-30,41.68000030517578,42.11000061035156,41.20000076293945,41.810001373291016,948500,37.83849983215332,37.42140007019043,hold,0.4291961213748368,5487.746417999268,99,9614.06644821167,0.4291961213748368,0.02,1,0.0,8295.638149261475
2024-10-01,41.41999816894531,41.68000030517578,40.650001525878906,41.36000061035156,686200,38.09099979400635,37.45520004272461,hold,0.42766377754437435,5487.746417999268,99,9588.326236724854,0.42766377754437435,0.02,1,0.0,8243.897724151611
2024-10-02,41.5099983215332,41.849998474121094,40.95000076293945,41.7599983215332,658100,38.34399967193603,37.51080001831055,hold,0.4281951309730172,5487.746417999268,99,9597.236251831055,0.4281951309730172,0.02,1,0.0,8261.807754516602
2024-10-03,40.439998626708984,40.689998626708984,39.70000076293945,40.459999084472656,1078200,38.57499961853027,37.563399963378906,hold,0.42181336742008835,5487.746417999268,99,9491.306282043457,0.42181336742008835,0.02,1,0.0,8048.877815246582
2024-10-04,41.689998626708984,42.15999984741211,41.220001220703125,41.36000061035156,1357500,38.943999481201175,37.6481999206543,hold,0.4292548834843664,5487.746417999268,99,9615.056282043457,0.4292548834843664,0.02,1,0.0,8297.627815246582
2024-10-07,42.65999984741211,43.31999969482422,41.849998474121094,42.599998474121094,1585600,39.347499465942384,37.73479988098145,hold,0.43489881663864177,5487.746417999268,99,9711.086402893066,0.43489881663864177,0.02,1,0.0,8490.658058166504
2024-10-08,42.43000030517578,42.5,40.68000030517578,41.0099983215332,1148300,39.72499942779541,37.824799880981445,hold,0.43357068822703143,5487.746417999268,99,9688.31644821167,0.43357068822703143,0.02,1,0.0,8444.888149261475
2024-10-09,43.29999923706055,43.540000915527344,42.65999984741211,42.84000015258789,1506400,39.9714994430542,37.93619987487793,hold,0.43856191688771484,5487.746417999268,99,9774.446342468262,0.43856191688771484,0.02,1,0.0,8618.017936706543
2024-10-10,43.93000030517578,44.040000915527344,43.029998779296875,43.15999984741211,858300,40.25499954223633,38.05359985351563,hold,0.44212170198652656,5487.746417999268,99,9836.81644821167,0.44212170198652656,0.02,1,0.0,8743.388149261475
2024-10-11,42.43000030517578,43.439998626708984,42.290000915527344,42.7400016784668,1589400,40.4649995803833,38.169599838256836,hold,0.43357068822703143,5487.746417999268,99,9688.31644821167,0.43357068822703143,0.02,1,0.0,8444.888149261475
2024-10-14,40.25,41.95000076293945,40.119998931884766,41.91999816894531,1421400,40.568999671936034,38.27039985656738,hold,0.4206652422088367,5487.746417999268,99,9472.496417999268,0.4206652422088367,0.02,1,0.0,8011.068088531494
2024-10-15,38.88999938964844,39.900001525878906,38.7400016784668,39.5,1315400,40.59249973297119,38.370599822998045,hold,0.4123119688441292,5487.746417999268,99,9337.856357574463,0.4123119688441292,0.02,1,0.0,7740.427967071533
2024-10-16,39.16999816894531,40.0,38.959999084472656,39.40999984741211,877700,40.6694995880127,38.467399749755856,hold,0.41405138570327465,5487.746417999268,99,9365.576236724854,0.41405138570327465,0.02,1,0.0,7796.147724151611
2024-10-17,38.599998474121094,39.119998931884766,38.150001525878906,38.650001525878906,1171900,40.688999557495116,38.544199752807614,hold,0.4104994958034152,5487.746417999268,99,9309.146266937256,0.4104994958034152,0.02,1,0.0,7682.717784881592
2024-10-18,39.099998474121094,39.45000076293945,38.7599983215332,39.20000076293945,771200,40.79949951171875,38.606599731445314,hold,0.41361749750210325,5487.746417999268,99,9358.646266937256,0.41361749750210325,0.02,1,0.0,7782.217784881592
2024-10-21,39.34000015258789,39.4900016784668,38.66999816894531,38.90999984741211,674300,40.87249946594238,38.66179969787598,hold,0.41510246255843697,5487.746417999268,99,9382.406433105469,0.41510246255843697,0.02,1,0.0,7829.978118896484
2024-10-22,40.61000061035156,40.849998474121094,39.43000030517578,39.439998626708984,818300,40.94149951934814,38.7729997253418,hold,0.4228368060921192,5487.746417999268,99,9508.136478424072,0.4228368060921192,0.02,1,0.0,8082.708209991455
2024-10-23,39.79999923706055,40.66999816894531,39.56999969482422,40.369998931884766,722400,41.0089994430542,38.84119972229004,hold,0.41792769934639223,5487.746417999268,99,9427.946342468262,0.41792769934639223,0.02,1,0.0,7921.517936706543
2024-10-24,40.380001068115234,40.43000030517578,39.599998474121094,40.22999954223633,550200,40.96549949645996,38.9355997467041,hold,0.4214513056229326,5487.746417999268,99,9485.366523742676,0.4214513056229326,0.02,1,0.0,8036.938301086426
2024-10-25,40.83000183105469,41.33000183105469,40.400001525878906,40.66999816894531,584500,40.92299957275391,39.012799758911136,hold,0.42415588207587107,5487.746417999268,99,9529.916599273682,0.42415588207587107,0.02,1,0.0,8126.488452911377
2024-10-28,42.029998779296875,42.279998779296875,41.040000915527344,41.08000183105469,750800,40.940499496459964,39.11159973144531,hold,0.4312459555246317,5487.746417999268,99,9648.716297149658,0.4312459555246317,0.02,1,0.0,8365.287845611572
2024-10-29,40.540000915527344,42.0099983215332,40.36000061035156,41.61000061035156,694700,40.89649963378906,39.17179977416992,hold,0.42241583602977406,5487.746417999268,99,9501.206508636475,0.42241583602977406,0.02,1,0.0,8068.778270721436
2024-10-30,38.68000030517578,40.33000183105469,38.599998474121094,40.33000183105469,876900,40.75499973297119,39.199999771118165,hold,0.4110006139268661,5487.746417999268,99,9317.06644821167,0.4110006139268661,0.02,1,0.0,7698.638149261475
2024-10-31,38.38999938964844,39.040000915527344,38.220001220703125,38.54999923706055,725500,40.652499771118165,39.198799743652344,hold,0.4091800307032661,5487.746417999268,99,9288.356357574463,0.4091800307032661,0.02,1,0.0,7640.927967071533
2024-11-01,39.16999816894531,39.560001373291016,38.47999954223633,38.810001373291016,426200,40.52649974822998,39.231999740600585,hold,0.41405138570327465,5487.746417999268,99,9365.576236724854,0.41405138570327465,0.02,1,0.0,7796.147724151611
2024-11-04,39.75,40.970001220703125,39.15999984741211,39.29999923706055,1180400,40.38099975585938,39.254199752807615,hold,0.4176219352565083,5487.746417999268,99,9422.996417999268,0.4176219352565083,0.02,1,0.0,7911.568088531494
2024-11-05,39.619998931884766,40.31999969482422,38.810001373291016,39.91999816894531,720500,40.24049968719483,39.281799697875975,hold,0.4168254244523836,5487.746417999268,99,9410.12631225586,0.4168254244523836,0.02,1,0.0,7885.6978759765625
2024-11-06,37.599998474121094,38.08000183105469,36.630001068115234,37.75,1449100,39.95549964904785,39.28239967346192,hold,0.4041629460653328,5487.746417999268,99,9210.146266937256,0.4041629460653328,0.02,1,0.0,7483.717784881592
2024-11-07,37.68000030517578,38.72999954223633,37.540000915527344,38.36000061035156,890900,39.64299964904785,39.291999664306644,hold,0.4046748904631833,5487.746417999268,99,9218.06644821167,0.4046748904631833,0.02,1,0.0,7499.638149261475
2024-11-08,36.66999816894531,37.529998779296875,35.869998931884766,37.150001525878906,934400,39.35499954223633,39.249599609375,hold,0.39814646472286724,5487.746417999268,99,9118.076236724854,0.39814646472286724,0.02,1,0.0,7298.647724151611
2024-11-11,38.189998626708984,38.36000061035156,36.7599983215332,37.0,1492300,39.25199947357178,39.23739959716797,hold,0.4079178837559615,5487.746417999268,99,9268.556282043457,0.4079178837559615,0.02,1,0.0,7601.127815246582
2024-11-12,37.029998779296875,37.63999938964844,36.72999954223633,37.16999816894531,837000,39.1589994430542,39.25059959411621,sell,0.3519455693423657,5932.10640335083,87,9153.716297149658,0.4004897858033817,0.02,1,0.25,7370.287845611572
2024-11-13,38.380001068115234,39.77000045776367,38.08000183105469,38.08000183105469,2015600,39.119499588012694,39.289199600219725,hold,0.36015533690037127,5932.10640335083,87,9271.166496276855,0.36015533690037127,0.02,1,0.15,7638.938301086426
2024-11-14,37.900001525878906,38.70000076293945,37.630001068115234,38.220001220703125,942600,39.084499740600585,39.33079963684082,hold,0.35726025501786596,5932.10640335083,87,9229.406536102295,0.35726025501786596,0.02,1,0.04999999999999999,7543.4183921813965
2024-11-15,38.13999938964844,38.54999923706055,37.310001373291016,37.56999969482422,1320500,39.03649978637695,39.40739959716797,hold,0.3587110518810749,5932.10640335083,87,9250.286350250244,0.3587110518810749,0.02,1,0.0,7591.177967071533
2024-11-18,38.7400016784668,39.279998779296875,38.04999923706055,38.189998626708984,1368100,39.0064998626709,39.49039962768555,hold,0.3623095962715657,5932.10640335083,87,9302.486549377441,0.3623095962715657,0.02,1,0.0,7710.578422546387
2024-11-19,39.13999938964844,39.650001525878906,38.7400016784668,39.130001068115234,1240100,38.932999801635745,39.57559959411621,hold,0.36468625028385826,5932.10640335083,87,9337.286350250244,0.36468625028385826,0.02,1,0.0,7790.177967071533
2024-11-20,38.7400016784668,39.83000183105469,38.18000030517578,38.59000015258789,1634500,38.87999992370605,39.58299964904785,hold,0.3623095962715657,5932.10640335083,87,9302.486549377441,0.3623095962715657,0.02,1,0.0,7710.578422546387
2024-11-21,39.630001068115234,39.630001068115234,37.83000183105469,38.529998779296875,1219300,38.84249992370606,39.61039970397949,hold,0.3675736446368745,5932.10640335083,87,9379.916496276855,0.3675736446368745,0.02,1,0.0,7887.688301086426
2024-11-22,38.2599983215332,39.22999954223633,37.849998474121094,38.56999969482422,1317300,38.71399974822998,39.61099967956543,hold,0.3594339970194903,5932.10640335083,87,9260.726257324219,0.3594339970194903,0.02,1,0.0,7615.057754516602
2024-11-25,38.84000015258789,39.36000061035156,38.529998779296875,38.61000061035156,1303300,38.554499816894534,39.62439971923828,hold,0.3629054195759081,5932.10640335083,87,9311.186416625977,0.3629054195759081,0.02,1,0.0,7730.478118896484
2024-11-26,38.029998779296875,38.599998474121094,37.970001220703125,38.34000015258789,824500,38.428999710083005,39.61659973144531,hold,0.35804690755622315,5932.10640335083,87,9240.716297149658,0.35804690755622315,0.02,1,0.0,7569.287845611572
2024-11-27,38.560001373291016,39.119998931884766,37.9900016784668,38.13999938964844,1156000,38.42299976348877,39.63519973754883,hold,0.3612342829092769,5932.10640335083,87,9286.826522827148,0.3612342829092769,0.02,1,0.0,7674.758361816406
2024-11-29,38.459999084472656,38.72999954223633,37.38999938964844,37.97999954223633,1013300,38.42649974822998,39.640199737548826,hold,0.3606353054066619,5932.10640335083,87,9278.126323699951,0.3606353054066619,0.02,1,0.0,7654.857906341553
2024-12-02,39.84000015258789,39.869998931884766,38.189998626708984,38.38999938964844,1186100,38.45999984741211,39.699199752807615,hold,0.3688030711056588,5932.10640335083,87,9398.186416625977,0.3688030711056588,0.02,1,0.0,7929.478118896484
2024-12-03,39.150001525878906,40.060001373291016,39.04999923706055,39.72999954223633,1240200,38.429999923706056,39.72459976196289,hold,0.36474545265795416,5932.10640335083,87,9338.156536102295,0.36474545265795416,0.02,1,0.0,7792.1683921813965
2024-12-04,37.619998931884766,39.18000030517578,37.560001373291016,39.11000061035156,1549400,38.329999923706055,39.69239974975586,hold,0.3555593091766783,5932.10640335083,87,9205.046310424805,0.3555593091766783,0.02,1,0.0,7487.6978759765625
2024-12-05,38.0099983215332,38.72999954223633,37.66999816894531,37.79999923706055,1141000,38.35049991607666,39.683599700927736,hold,0.3579260041232231,5932.10640335083,87,9238.976257324219,0.3579260041232231,0.02,1,0.0,7565.307754516602
2024-12-06,38.060001373291016,38.599998474121094,37.90999984741211,38.470001220703125,571800,38.36949996948242,39.61979972839355,hold,0.35822818887756375,5932.10640335083,87,9243.326522827148,0.35822818887756375,0.02,1,0.0,7575.258361816406
2024-12-09,40.369998931884766,40.9900016784668,38.619998931884766,38.619998931884766,3288700,38.55450000762939,39.59359970092773,hold,0.37188476426741807,5932.10640335083,87,9444.296310424805,0.37188476426741807,0.02,1,0.0,8034.9478759765625
2024-12-10,40.040000915527344,40.279998779296875,39.220001220703125,39.81999969482422,1015800,38.64700012207031,39.56079971313476,hold,0.36996952722379306,5932.10640335083,87,9415.586483001709,0.36996952722379306,0.02,1,0.0,7969.278270721436
2024-12-11,40.15999984741211,40.380001068115234,39.540000915527344,40.220001220703125,826800,38.803500175476074,39.5355997467041,hold,0.37066732492956667,5932.10640335083,87,9426.026390075684,0.37066732492956667,0.02,1,0.0,7993.158058166504
2024-12-12,39.310001373291016,39.959999084472656,39.209999084472656,39.84000015258789,736000,38.85000019073486,39.491599807739256,hold,0.3656909897100003,5932.10640335083,87,9352.076522827148,0.3656909897100003,0.02,1,0.0,7824.008361816406
2024-12-13,37.77000045776367,39.04999923706055,37.65999984741211,39.040000915527344,926700,38.8435001373291,39.438199844360355,hold,0.35647164900926004,5932.10640335083,87,9218.09644317627,0.35647164900926004,0.02,1,0.0,7517.548179626465
2024-12-16,37.47999954223633,38.189998626708984,37.13999938964844,37.79999923706055,851900,38.810500144958496,39.3539998626709,hold,0.3547054673950558,5932.10640335083,87,9192.86636352539,0.3547054673950558,0.02,1,0.0,7459.837997436523
2024-12-17,37.939998626708984,38.040000915527344,37.220001220703125,37.40999984741211,885500,38.7704999923706,39.25959983825683,hold,0.35750249478200374,5932.10640335083,87,9232.886283874512,0.35750249478200374,0.02,1,0.0,7551.377815246582
2024-12-18,37.31999969482422,38.34000015258789,37.290000915527344,37.83000183105469,1481700,38.67950000762939,39.157399826049804,hold,0.35372687018370436,5932.10640335083,87,9178.946376800537,0.35372687018370436,0.02,1,0.0,7427.998027801514
2024-12-19,37.63999938964844,38.45000076293945,37.34000015258789,37.75,1328800,38.62449989318848,39.044199829101565,hold,0.3556811054717705,5932.10640335083,87,9206.786350250244,0.3556811054717705,0.02,1,0.0,7491.677967071533
2024-12-20,37.279998779296875,38.0,37.02000045776367,37.43000030517578,1284800,38.506999778747556,38.911199798583986,hold,0.3534817510916445,5932.10640335083,87,9175.466297149658,0.3534817510916445,0.02,1,0.0,7420.037845611572
2024-12-23,37.29999923706055,37.7400016784668,36.91999816894531,37.7400016784668,615700,38.45899982452393,38.80859977722168,hold,0.3536043338755186,5932.10640335083,87,9177.206336975098,0.3536043338755186,0.02,1,0.0,7424.017936706543
2024-12-24,37.470001220703125,37.650001525878906,37.09000015258789,37.150001525878906,257400,38.390499877929685,38.752999801635745,hold,0.354644402096281,5932.10640335083,87,9191.996509552002,0.354644402096281,0.02,1,0.0,7457.848331451416
2024-12-26,37.41999816894531,37.70000076293945,37.25,37.40999984741211,684900,38.35999984741211,38.72359977722168,hold,0.3543388321907678,5932.10640335083,87,9187.646244049072,0.3543388321907678,0.02,1,0.0,7447.897724151611
2024-12-27,37.34000015258789,37.7599983215332,37.060001373291016,37.220001220703125,438900,38.29899978637695,38.686999816894534,hold,0.3538493600426277,5932.10640335083,87,9180.686416625977,0.3538493600426277,0.02,1,0.0,7431.978118896484
2024-12-30,36.470001220703125,37.119998931884766,36.36000061035156,36.709999084472656,968800,38.199499893188474,38.644399871826174,hold,0.3484779047276416,5932.10640335083,87,9104.996509552002,0.3484779047276416,0.02,1,0.0,7258.848331451416
2024-12-31,36.36000061035156,36.869998931884766,36.119998931884766,36.459999084472656,577300,38.02549991607666,38.58959991455078,hold,0.3477923842544879,5932.10640335083,87,9095.426456451416,0.3477923842544879,0.02,1,0.0,7236.958209991455
2025-01-02,36.04999923706055,36.97999954223633,35.869998931884766,36.810001373291016,544700,37.870499801635745,38.523799896240234,hold,0.3458526806636683,5932.10640335083,87,9068.456336975098,0.3458526806636683,0.02,1,0.0,7175.267936706543
2025-01-03,36.70000076293945,36.790000915527344,35.83000183105469,36.099998474121094,764100,37.824499893188474,38.44559989929199,hold,0.34990660850144145,5932.10640335083,87,9125.006469726562,0.34990660850144145,0.02,1,0.0,7304.618240356445
2025-01-06,38.54999923706055,38.90999984741211,37.5099983215332,37.790000915527344,1667400,37.85149993896484,38.42059989929199,hold,0.3611744242507159,5932.10640335083,87,9285.956336975098,0.3611744242507159,0.02,1,0.0,7672.767936706543
2025-01-07,39.27000045776367,39.709999084472656,38.58000183105469,39.0,1454400,37.91199989318848,38.39839988708496,hold,0.36545486379607334,5932.10640335083,87,9348.59644317627,0.36545486379607334,0.02,1,0.0,7816.048179626465
2025-01-08,39.040000915527344,39.16999816894531,38.349998474121094,38.81999969482422,1278900,37.845499992370605,38.36259986877442,hold,0.3640937548083893,5932.10640335083,87,9328.586483001709,0.3640937548083893,0.02,1,0.0,7770.278270721436
2025-01-10,38.369998931884766,39.0,38.150001525878906,38.599998474121094,940100,37.761999893188474,38.28939987182617,hold,0.3600952758457194,5932.10640335083,87,9270.296310424805,0.3600952758457194,0.02,1,0.0,7636.9478759765625
2025-01-13,38.900001525878906,39.04999923706055,38.029998779296875,38.029998779296875,543900,37.69899997711182,38.2565998840332,hold,0.36326239303070973,5932.10640335083,87,9316.406536102295,0.36326239303070973,0.02,1,0.0,7742.4183921813965
2025-01-14,40.060001373291016,40.099998474121094,39.029998779296875,39.04999923706055,1236500,37.73649997711182,38.28419990539551,hold,0.37008593798126377,5932.10640335083,87,9417.326522827148,0.37008593798126377,0.02,1,0.0,7973.258361816406
2025-01-15,40.27000045776367,40.45000076293945,39.880001068115234,40.0,1196700,37.86149997711182,38.32179992675781,hold,0.37130562555577806,5932.10640335083,87,9435.59644317627,0.37130562555577806,0.02,1,0.0,8015.048179626465
2025-01-16,40.040000915527344,40.27000045776367,39.5099983215332,40.04999923706055,1371400,37.98950004577637,38.339199981689454,hold,0.36996952722379306,5932.10640335083,87,9415.586483001709,0.36996952722379306,0.02,1,0.0,7969.278270721436
2025-01-17,40.15999984741211,40.70000076293945,39.880001068115234,40.5,1003100,38.10050010681152,38.3473999786377,hold,0.37066732492956667,5932.10640335083,87,9426.026390075684,0.37066732492956667,0.02,1,0.0,7993.158058166504
2025-01-21,39.849998474121094,40.650001525878906,39.77000045776367,40.56999969482422,1376400,38.227000045776364,38.35199996948242,hold,0.36886148645511324,5932.10640335083,87,9399.056270599365,0.36886148645511324,0.02,1,0.0,7931.467784881592
2025-01-22,38.47999954223633,40.400001525878906,38.470001220703125,40.20000076293945,1771700,38.26900005340576,38.369599990844726,hold,0.3607551907571606,5932.10640335083,87,9279.86636352539,0.3607551907571606,0.02,1,0.0,7658.837997436523
2025-01-23,39.060001373291016,39.4900016784668,38.81999969482422,39.220001220703125,1339100,38.35800018310547,38.39720001220703,hold,0.3642123468200592,5932.10640335083,87,9330.326522827148,0.3642123468200592,0.02,1,0.0,7774.258361816406
2025-01-24,39.209999084472656,39.959999084472656,39.08000183105469,39.75,586900,38.45350017547607,38.448000030517576,buy,0.537159128449301,4324.496440887451,128,9343.376323699951,0.3651003451178843,0.02,1,0.25,7804.107906341553
2025-01-27,38.650001525878906,39.150001525878906,38.380001068115234,38.86000061035156,657700,38.51250019073486,38.457200088500976,hold,0.5335808956471783,4324.496440887451,128,9271.696636199951,0.5335808956471783,0.02,1,0.15,7692.6683921813965
2025-01-28,38.95000076293945,39.0,38.16999816894531,38.66999816894531,580800,38.58900032043457,38.49560012817383,hold,0.5355046617417895,4324.496440887451,128,9310.096538543701,0.5355046617417895,0.02,1,0.04999999999999999,7752.368240356445
2025-01-29,40.29999923706055,40.38999938964844,39.040000915527344,39.099998474121094,924600,38.7370002746582,38.534000091552734,hold,0.5439688166607205,4324.496440887451,128,9482.896343231201,0.5439688166607205,0.02,1,0.0,8021.017936706543
2025-01-30,41.040000915527344,41.369998931884766,40.349998474121094,40.65999984741211,1046300,38.96550025939941,38.596800079345705,hold,0.54847885017474,4324.496440887451,128,9577.616558074951,0.54847885017474,0.02,1,0.0,8168.278270721436
2025-01-31,39.540000915527344,41.18000030517578,39.150001525878906,40.959999084472656,959100,39.1245002746582,38.62480010986328,hold,0.5392421569612437,4324.496440887451,128,9385.616558074951,0.5392421569612437,0.02,1,0.0,7869.778270721436
2025-02-03,38.86000061035156,39.380001068115234,38.38999938964844,38.709999084472656,878100,39.265000343322754,38.62720008850098,hold,0.534929197813739,4324.496440887451,128,9298.576519012451,0.534929197813739,0.02,1,0.0,7734.458209991455
2025-02-04,40.0,40.2599983215332,39.56999969482422,39.56999969482422,471400,39.43000030517578,38.644400100708005,hold,0.5421146624434431,4324.496440887451,128,9444.496440887451,0.5421146624434431,0.02,1,0.0,7961.318088531494
2025-02-05,37.70000076293945,39.650001525878906,37.70000076293945,39.650001525878906,1366000,39.38750038146973,38.62360008239746,hold,0.527382424581968,4324.496440887451,128,9150.096538543701,0.527382424581968,0.02,1,0.0,7503.618240356445
2025-02-06,38.34000015258789,39.02000045776367,38.20000076293945,38.47999954223633,1074600,39.341000366210935,38.59780006408691,hold,0.5315761773792026,4324.496440887451,128,9232.016460418701,0.5315761773792026,0.02,1,0.0,7630.978118896484
2025-02-07,38.61000061035156,38.720001220703125,38.060001373291016,38.540000915527344,888200,39.31950035095215,38.604800109863284,hold,0.5333231822977147,4324.496440887451,128,9266.576519012451,0.5333231822977147,0.02,1,0.0,7684.708209991455
2025-02-10,38.369998931884766,38.939998626708984,38.27000045776367,38.81999969482422,660900,39.31950035095215,38.59540008544922,hold,0.531770926434234,4324.496440887451,128,9235.856304168701,0.531770926434234,0.02,1,0.0,7636.9478759765625
2025-02-11,37.599998474121094,38.2400016784668,37.5099983215332,37.849998474121094,790600,39.254500198364255,38.5868000793457,hold,0.5267203421382187,4324.496440887451,128,9137.296245574951,0.5267203421382187,0.02,1,0.0,7483.717784881592
2025-02-12,37.47999954223633,38.25,37.31999969482422,37.900001525878906,836200,39.12550010681152,38.56520004272461,hold,0.5259234158570112,4324.496440887451,128,9121.936382293701,0.5259234158570112,0.02,1,0.0,7459.837997436523
2025-02-13,40.16999816894531,40.459999084472656,37.84000015258789,38.040000915527344,1473400,39.120499992370604,38.59940002441406,hold,0.5431671881105067,4324.496440887451,128,9466.256206512451,0.5431671881105067,0.02,1,0.0,7995.147724151611
2025-02-14,38.630001068115234,40.459999084472656,38.400001525878906,40.16999816894531,1146900,39.05,38.57520004272461,hold,0.5334520745615906,4324.496440887451,128,9269.136577606201,0.5334520745615906,0.02,1,0.0,7688.688301086426
2025-02-18,38.70000076293945,38.95000076293945,37.84000015258789,38.029998779296875,860300,38.977000045776364,38.56620002746582,hold,0.5339026250780714,4324.496440887451,128,9278.096538543701,0.5339026250780714,0.02,1,0.0,7702.618240356445
2025-02-19,38.81999969482422,39.04999923706055,37.779998779296875,38.2599983215332,660200,38.925500106811526,38.59020004272461,hold,0.5346729726909515,4324.496440887451,128,9293.456401824951,0.5346729726909515,0.02,1,0.0,7726.498027801514
2025-02-20,39.810001373291016,39.939998626708984,39.119998931884766,39.130001068115234,723600,38.99200019836426,38.626200103759764,hold,0.5409325518127343,4324.496440887451,128,9420.176616668701,0.5409325518127343,0.02,1,0.0,7923.508361816406
2025-02-21,39.66999816894531,40.27000045776367,39.40999984741211,40.0099983215332,684100,39.02250003814697,38.65840003967285,hold,0.5400575834242745,4324.496440887451,128,9402.256206512451,0.5400575834242745,0.02,1,0.0,7895.647724151611
2025-02-24,39.72999954223633,39.9900016784668,38.68000030517578,39.77000045776367,783800,39.048500061035156,38.64560005187988,hold,0.5404329779503417,4324.496440887451,128,9409.936382293701,0.5404329779503417,0.02,1,0.0,7907.587997436523
2025-02-25,39.779998779296875,40.5,39.27000045776367,39.88999938964844,891000,39.10499992370605,38.64040000915527,hold,0.54074532703948,4324.496440887451,128,9416.336284637451,0.54074532703948,0.02,1,0.0,7917.537845611572
2025-02-26,39.650001525878906,40.099998474121094,39.349998474121094,40.099998474121094,662600,39.13999996185303,38.63020004272461,hold,0.5399323394934871,4324.496440887451,128,9399.696636199951,0.5399323394934871,0.02,1,0.0,7891.6683921813965
2025-02-27,40.0,40.47999954223633,39.58000183105469,39.77000045776367,769300,39.125,38.64400001525879,hold,0.5421146624434431,4324.496440887451,128,9444.496440887451,0.5421146624434431,0.02,1,0.0,7961.318088531494
2025-02-28,38.369998931884766,39.720001220703125,38.0,39.45000076293945,1417200,38.99149990081787,38.655999984741214,hold,0.531770926434234,4324.496440887451,128,9235.856304168701,0.531770926434234,0.02,1,0.0,7636.9478759765625
2025-03-03,37.310001373291016,39.279998779296875,37.310001373291016,38.959999084472656,1142100,38.87999992370605,38.6526000213623,hold,0.5247898339724182,4324.496440887451,128,9100.176616668701,0.5247898339724182,0.02,1,0.0,7426.008361816406
2025-03-04,38.369998931884766,39.09000015258789,37.369998931884766,37.66999816894531,1559300,38.855499839782716,38.66120002746582,hold,0.531770926434234,4324.496440887451,128,9235.856304168701,0.531770926434234,0.02,1,0.0,7636.9478759765625
2025-03-05,39.93000030517578,39.95000076293945,38.77000045776367,38.77000045776367,1748200,38.851999855041505,38.71340003967285,hold,0.5416798557160165,4324.496440887451,128,9435.536479949951,0.5416798557160165,0.02,1,0.0,7947.388149261475
2025-03-06,42.18000030517578,42.33000183105469,39.47999954223633,39.47999954223633,1974000,39.07599983215332,38.8042000579834,hold,0.5552547728077522,4324.496440887451,128,9723.536479949951,0.5552547728077522,0.02,1,0.0,8395.138149261475
2025-03-07,42.099998474121094,42.75,41.310001373291016,41.40999984741211,2664500,39.26399974822998,38.900600051879884,hold,0.5547859005270692,4324.496440887451,128,9713.296245574951,0.5547859005270692,0.02,1,0.0,8379.217784881592
2025-03-10,41.83000183105469,42.66999816894531,41.08000183105469,41.849998474121094,2115200,39.42499980926514,38.991200103759766,hold,0.5531961880996017,4324.496440887451,128,9678.736675262451,0.5531961880996017,0.02,1,0.0,8325.488452911377
2025-03-11,42.709999084472656,42.95000076293945,41.310001373291016,42.0,2325900,39.64199981689453,39.096000061035156,hold,0.5583362034180995,4324.496440887451,128,9791.376323699951,0.5583362034180995,0.02,1,0.0,8500.607906341553
2025-03-12,41.310001373291016,43.08000183105469,41.0,42.720001220703125,1731000,39.82749996185303,39.17380012512207,hold,0.5501022699283074,4324.496440887451,128,9612.176616668701,0.5501022699283074,0.02,1,0.0,8222.008361816406
2025-03-13,42.06999969482422,42.29999923706055,40.869998931884766,41.31999969482422,930700,40.05699996948242,39.2684001159668,hold,0.5546098296425085,4324.496440887451,128,9709.456401824951,0.5546098296425085,0.02,1,0.0,8373.248027801514
2025-03-14,43.06999969482422,43.22999954223633,41.70000076293945,42.529998779296875,1146300,40.202000045776366,39.40040008544922,hold,0.5604050209477714,4324.496440887451,128,9837.456401824951,0.5604050209477714,0.02,1,0.0,8572.248027801514
2025-03-17,45.5,45.709999084472656,43.349998474121094,43.43000030517578,1656000,40.54549999237061,39.58320007324219,hold,0.5738781142530224,4324.496440887451,128,10148.496440887451,0.5738781142530224,0.02,1,0.0,9055.818088531494
2025-03-18,45.61000061035156,45.7400016784668,44.869998931884766,45.380001068115234,1058700,40.890999984741214,39.77440010070801,hold,0.5744684989286866,4324.496440887451,128,10162.576519012451,0.5744684989286866,0.02,1,0.0,9077.708209991455
2025-03-19,45.400001525878906,45.88999938964844,45.16999816894531,45.63999938964844,1219900,41.22000007629394,39.9484001159668,hold,0.5733399887441007,4324.496440887451,128,10135.696636199951,0.5733399887441007,0.02,1,0.0,9035.918392181396
2025-03-20,44.2400016784668,44.68000030517578,43.959999084472656,44.650001525878906,1250000,41.44150009155273,40.06220016479492,hold,0.5669968330560023,4324.496440887451,128,9987.216655731201,0.5669968330560023,0.02,1,0.0,8805.078422546387
2025-03-21,43.849998474121094,44.66999816894531,43.400001525878906,43.77000045776367,2089100,41.65050010681152,40.15380012512207,hold,0.5648216241099648,4324.496440887451,128,9937.296245574951,0.5648216241099648,0.02,1,0.0,8727.467784881592
2025-03-24,43.150001525878906,44.40999984741211,43.150001525878906,44.18000030517578,1039900,41.82150020599365,40.2360001373291,hold,0.5608621385643946,4324.496440887451,128,9847.696636199951,0.5608621385643946,0.02,1,0.0,8588.168392181396
2025-03-25,42.709999084472656,43.5099983215332,42.220001220703125,43.11000061035156,1041600,41.96800022125244,40.322800140380856,hold,0.5583362034180995,4324.496440887451,128,9791.376323699951,0.5583362034180995,0.02,1,0.0,8500.607906341553
2025-03-26,41.619998931884766,42.689998626708984,40.91999816894531,42.630001068115234,1132600,42.06650009155273,40.37720008850098,hold,0.5519518417384983,4324.496440887451,128,9651.856304168701,0.5519518417384983,0.02,1,0.0,8283.697875976562
2025-03-27,40.58000183105469,41.22999954223633,40.31999969482422,41.209999084472656,787000,42.09550018310547,40.38760009765625,hold,0.5456858837028165,4324.496440887451,128,9518.736675262451,0.5456858837028165,0.02,1,0.0,8076.738452911377
2025-03-28,40.22999954223633,40.81999969482422,39.7400016784668,40.599998474121094,831700,42.188500213623044,40.386800079345704,hold,0.5435375258620364,4324.496440887451,128,9473.936382293701,0.5435375258620364,0.02,1,0.0,8007.087997436523
2025-03-31,39.72999954223633,40.040000915527344,39.16999816894531,39.459999084472656,783300,42.30950012207031,40.38060005187988,hold,0.5404329779503417,4324.496440887451,128,9409.936382293701,0.5404329779503417,0.02,1,0.0,7907.587997436523
2025-04-01,40.04999923706055,40.34000015258789,39.41999816894531,39.900001525878906,772600,42.3935001373291,40.378400039672854,hold,0.5424247305405391,4324.496440887451,128,9450.896343231201,0.5424247305405391,0.02,1,0.0,7971.267936706543
2025-04-02,39.77000045776367,40.04999923706055,39.34000015258789,39.61000061035156,453600,42.3855001449585,40.376800079345706,hold,0.5406829007212284,4324.496440887451,128,9415.056499481201,0.5406829007212284,0.02,1,0.0,7915.548179626465
2025-04-03,39.40999984741211,39.9900016784668,38.560001373291016,39.779998779296875,1181300,42.24700012207031,40.39540008544922,hold,0.538423809987403,4324.496440887451,128,9368.976421356201,0.538423809987403,0.02,1,0.0,7843.908058166504
2025-04-04,36.65999984741211,38.400001525878906,36.439998626708984,38.189998626708984,1921100,41.97500019073486,40.34740005493164,hold,0.5204050405804406,4324.496440887451,128,9016.976421356201,0.5204050405804406,0.02,1,0.0,7296.658058166504
2025-04-07,34.72999954223633,37.4900016784668,34.40999984741211,35.310001373291016,1708200,41.62000007629395,40.257800064086915,hold,0.5068953465137434,4324.496440887451,128,8769.936382293701,0.5068953465137434,0.02,1,0.0,6912.587997436523
2025-04-08,31.610000610351562,35.849998474121094,31.270000457763672,35.66999816894531,3082300,41.06500015258789,40.117000045776365,hold,0.4833693436688577,4324.496440887451,128,8370.576519012451,0.4833693436688577,0.02,1,0.0,6291.708209991455
2025-04-09,35.5,36.130001068115234,31.270000457763672,31.440000534057617,3688200,40.77450008392334,40.04800003051758,hold,0.5123754663812315,4324.496440887451,128,8868.496440887451,0.5123754663812315,0.02,1,0.0,7065.818088531494
2025-04-10,33.31999969482422,35.2400016784668,32.630001068115234,34.560001373291016,1635200,40.33700008392334,39.90840003967285,hold,0.49653432783375545,4324.496440887451,128,8589.456401824951,0.49653432783375545,0.02,1,0.0,6631.998027801514
2025-04-11,34.81999969482422,35.15999984741211,33.099998474121094,33.58000183105469,1202200,39.92450008392334,39.78400001525879,hold,0.507542229556735,4324.496440887451,128,8781.456401824951,0.507542229556735,0.02,1,0.0,6930.498027801514
2025-04-14,35.790000915527344,36.2599983215332,35.18000030517578,35.439998626708984,1289900,39.43900012969971,39.70900001525879,sell,0.454125784226309,4861.346454620361,113,8905.616558074951,0.5144079679731641,0.02,1,0.25,7123.528270721436
2025-04-15,34.869998931884766,35.95000076293945,34.25,35.95000076293945,1264400,38.90200004577637,39.62919998168945,hold,0.44767822439467875,4861.346454620361,113,8801.65633392334,0.44767822439467875,0.02,1,0.15,6940.4478759765625
2025-04-16,34.58000183105469,35.2599983215332,34.08000183105469,34.36000061035156,978600,38.361000061035156,39.520800018310545,hold,0.445614176318661,4861.346454620361,113,8768.886661529541,0.445614176318661,0.02,1,0.04999999999999999,6882.738452911377
2025-04-17,34.91999816894531,35.31999969482422,34.459999084472656,34.619998931884766,722100,37.89499988555908,39.46519996643067,hold,0.4480325404962823,4861.346454620361,113,8807.306247711182,0.4480325404962823,0.02,1,0.0,6950.397724151611
2025-04-21,34.279998779296875,35.04999923706055,33.939998626708984,34.849998474121094,736500,37.41649990081787,39.38399993896484,hold,0.44346261363491635,4861.346454620361,113,8734.986316680908,0.44346261363491635,0.02,1,0.0,6823.037845611572
2025-04-22,35.29999923706055,35.95000076293945,34.459999084472656,34.529998779296875,966300,37.023999786376955,39.31779991149902,hold,0.4507106071110743,4861.346454620361,113,8850.246368408203,0.4507106071110743,0.02,1,0.0,7026.017936706543
2025-04-23,34.93000030517578,36.779998779296875,34.90999984741211,36.20000076293945,929000,36.63499984741211,39.24899993896484,hold,0.4481033653778226,4861.346454620361,113,8808.436489105225,0.4481033653778226,0.02,1,0.0,6952.388149261475
2025-04-24,35.84000015258789,36.06999969482422,34.9900016784668,35.25,814400,36.34599990844727,39.21379997253418,hold,0.4544718789444801,4861.346454620361,113,8911.266471862793,0.4544718789444801,0.02,1,0.0,7133.478118896484
2025-04-25,35.79999923706055,35.900001525878906,35.310001373291016,35.47999954223633,488100,36.10699977874756,39.18019996643066,hold,0.4541950277305166,4861.346454620361,113,8906.746368408203,0.4541950277305166,0.02,1,0.0,7125.517936706543
2025-04-28,34.720001220703125,36.15999984741211,34.470001220703125,35.70000076293945,1304100,35.831499862670896,39.07120002746582,hold,0.44661254153466357,4861.346454620361,113,8784.706592559814,0.44661254153466357,0.02,1,0.0,6910.598331451416
2025-04-29,34.959999084472656,35.150001525878906,34.45000076293945,34.880001068115234,1132200,35.59299983978271,38.997799987792966,hold,0.44831567703587083,4861.346454620361,113,8811.826351165771,0.44831567703587083,0.02,1,0.0,6958.357906341553
2025-04-30,34.20000076293945,34.369998931884766,33.47999954223633,34.25,1414300,35.30049991607666,38.90779998779297,hold,0.442886060340618,4861.346454620361,113,8725.94654083252,0.442886060340618,0.02,1,0.0,6807.118240356445
2025-05-01,33.959999084472656,34.849998474121094,33.959999084472656,34.70000076293945,498900,35.00999984741211,38.81059997558594,hold,0.44114915525714926,4861.346454620361,113,8698.826351165771,0.44114915525714926,0.02,1,0.0,6759.357906341553
2025-05-02,34.0099983215332,34.810001373291016,33.849998474121094,34.65999984741211,685300,34.739999771118164,38.69459991455078,hold,0.44151189495531723,4861.346454620361,113,8704.476264953613,0.44151189495531723,0.02,1,0.0,6769.307754516602
2025-05-05,33.86000061035156,34.209999084472656,33.70000076293945,33.869998931884766,593400,34.599999809265135,38.57839996337891,hold,0.4404222604190188,4861.346454620361,113,8687.526523590088,0.4404222604190188,0.02,1,0.0,6739.458209991455
2025-05-06,33.849998474121094,34.220001220703125,33.439998626708984,33.439998626708984,678000,34.555999755859375,38.4607999420166,hold,0.4403494502565633,4861.346454620361,113,8686.396282196045,0.4403494502565633,0.02,1,0.0,6737.467784881592
2025-05-07,33.56999969482422,34.20000076293945,33.25,33.5099983215332,1226200,34.653999710083006,38.33659996032715,hold,0.43830349248069855,4861.346454620361,113,8654.756420135498,0.43830349248069855,0.02,1,0.0,6681.748027801514
2025-05-08,34.27000045776367,34.75,33.70000076293945,33.9900016784668,679600,34.59249973297119,38.22899993896485,hold,0.4433906200442844,4861.346454620361,113,8733.856506347656,0.4433906200442844,0.02,1,0.0,6821.048179626465
2025-05-09,34.86000061035156,35.099998474121094,34.439998626708984,34.4900016784668,706900,34.66949977874756,38.12619995117188,hold,0.44760731740432014,4861.346454620361,113,8800.526523590088,0.44760731740432014,0.02,1,0.0,6938.458209991455
2025-05-12,36.029998779296875,36.66999816894531,35.79999923706055,36.15999984741211,1078500,34.729999732971194,38.07939994812012,hold,0.4557830565823007,4861.346454620361,113,8932.736316680908,0.4557830565823007,0.02,1,0.0,7171.287845611572
2025-05-13,35.880001068115234,36.5099983215332,35.84000015258789,36.18000030517578,664500,34.73449974060058,38.0507999420166,hold,0.4547484494437545,4861.346454620361,113,8915.786575317383,0.4547484494437545,0.02,1,0.0,7141.438301086426
2025-05-14,35.849998474121094,36.22999954223633,35.56999969482422,36.060001373291016,503000,34.7834997177124,38.00039993286133,hold,0.4545410346786657,4861.346454620361,113,8912.396282196045,0.4545410346786657,0.02,1,0.0,7135.467784881592
2025-05-15,35.08000183105469,35.599998474121094,34.84000015258789,35.349998474121094,571700,34.8084997177124,37.90339996337891,hold,0.44916334648414896,4861.346454620361,113,8825.386661529541,0.44916334648414896,0.02,1,0.0,6982.238452911377
2025-05-16,34.83000183105469,35.06999969482422,33.650001525878906,34.900001525878906,764700,34.80399990081787,37.75639999389649,hold,0.4473944600770669,4861.346454620361,113,8797.136661529541,0.4473944600770669,0.02,1,0.0,6932.488452911377
2025-05-19,34.56999969482422,34.81999969482422,34.09000015258789,34.29999923706055,668100,34.81849994659424,37.605800018310546,hold,0.4455427110798736,4861.346454620361,113,8767.756420135498,0.4455427110798736,0.02,1,0.0,6880.748027801514
2025-05-20,34.22999954223633,34.869998931884766,34.130001068115234,34.40999984741211,574500,34.76499996185303,37.45379997253418,hold,0.44310240432374454,4861.346454620361,113,8729.336402893066,0.44310240432374454,0.02,1,0.0,6813.087997436523
2025-05-21,33.5,34.29999923706055,33.439998626708984,34.16999816894531,646600,34.69349994659424,37.269599990844725,hold,0.437789663534184,4861.346454620361,113,8646.846454620361,0.437789663534184,0.02,1,0.0,6667.818088531494
2025-05-22,33.29999923706055,33.720001220703125,33.119998931884766,33.220001220703125,1003700,34.566499900817874,37.109399948120114,hold,0.43631637514112076,4861.346454620361,113,8624.246368408203,0.43631637514112076,0.02,1,0.0,6628.017936706543
2025-05-23,32.97999954223633,33.189998626708984,32.61000061035156,32.66999816894531,793900,34.42549991607666,36.92759994506836,hold,0.4339429965466206,4861.346454620361,113,8588.086402893066,0.4339429965466206,0.02,1,0.0,6564.337997436523
2025-05-27,32.709999084472656,33.380001068115234,32.65999984741211,33.279998779296875,1420800,34.32499980926514,36.720399932861326,hold,0.4319248517183121,4861.346454620361,113,8557.576351165771,0.4319248517183121,0.02,1,0.0,6510.607906341553
2025-05-28,31.329999923706055,32.84000015258789,31.18000030517578,32.709999084472656,1745000,34.14349985122681,36.43699993133545,hold,0.4213810028717284,4861.346454620361,113,8401.636445999146,0.4213810028717284,0.02,1,0.0,6235.988073348999
2025-05-29,31.459999084472656,32.06999969482422,31.100000381469727,31.329999923706055,1562800,34.00649976730347,36.15399990081787,hold,0.4223909278485855,4861.346454620361,113,8416.326351165771,0.4223909278485855,0.02,1,0.0,6261.857906341553
2025-05-30,30.43000030517578,31.540000915527344,30.18000030517578,31.510000228881836,1406600,33.82999982833862,35.85459987640381,hold,0.4142911260825275,4861.346454620361,113,8299.936489105225,0.4142911260825275,0.02,1,0.0,6056.888149261475
2025-06-02,30.030000686645508,30.43000030517578,29.40999984741211,30.3799991607666,1413200,33.63099994659424,35.570399856567384,hold,0.411083995757998,4861.346454620361,113,8254.736532211304,0.411083995757998,0.02,1,0.0,5977.28822517395
2025-06-03,30.81999969482422,31.030000686645508,29.360000610351562,29.709999084472656,1043100,33.47899990081787,35.309799880981444,hold,0.41738462198577525,4861.346454620361,113,8344.006420135498,0.41738462198577525,0.02,1,0.0,6134.498027801514
2025-06-04,32.02000045776367,32.63999938964844,31.389999389648438,31.399999618530273,1370100,33.3875,35.08719985961914,hold,0.4267014099084363,4861.346454620361,113,8479.606506347656,0.4267014099084363,0.02,1,0.0,6373.298179626465
2025-06-05,32.29999923706055,33.11000061035156,31.93000030517578,32.5099983215332,1049600,33.32399997711182,34.878999862670895,hold,0.42883260051494154,4861.346454620361,113,8511.246368408203,0.42883260051494154,0.02,1,0.0,6429.017936706543
2025-06-06,32.7599983215332,32.880001068115234,32.40999984741211,32.790000915527344,633200,33.24849987030029,34.701799850463864,hold,0.4322996608747562,4861.346454620361,113,8563.226264953613,0.4322996608747562,0.02,1,0.0,6520.557754516602
2025-06-09,33.540000915527344,33.9900016784668,33.130001068115234,33.13999938964844,1162200,33.18249988555908,34.56099983215332,hold,0.43808340312630584,4861.346454620361,113,8651.366558074951,0.43808340312630584,0.02,1,0.0,6675.778270721436
2025-06-10,34.08000183105469,34.369998931884766,33.68000030517578,33.81999969482422,1229300,33.08500003814697,34.437999877929684,hold,0.44201897327558387,4861.346454620361,113,8712.386661529541,0.44201897327558387,0.02,1,0.0,6783.238452911377
2025-06-11,34.0,34.540000915527344,33.4900016784668,34.5099983215332,1082300,32.99099998474121,34.32339988708496,hold,0.44143939575798347,4861.346454620361,113,8703.346454620361,0.44143939575798347,0.02,1,0.0,6767.318088531494
2025-06-12,33.349998474121094,33.7599983215332,33.08000183105469,33.54999923706055,708500,32.86599998474121,34.18939987182617,hold,0.4366854136301048,4861.346454620361,113,8629.896282196045,0.4366854136301048,0.02,1,0.0,6637.967784881592
2025-06-13,32.779998779296875,33.25,32.599998474121094,32.790000915527344,875600,32.75099983215332,34.04959983825684,hold,0.4324494518013411,4861.346454620361,113,8565.486316680908,0.4324494518013411,0.02,1,0.0,6524.537845611572
2025-06-16,33.150001525878906,33.56999969482422,32.81999969482422,33.15999984741211,711100,32.66699981689453,33.924399871826175,hold,0.43520635278843545,4861.346454620361,113,8607.296627044678,0.43520635278843545,0.02,1,0.0,6598.1683921813965
2025-06-17,32.15999984741211,33.06999969482422,32.15999984741211,33.02000045776367,938200,32.54649982452393,33.83439987182617,hold,0.42776898953164366,4861.346454620361,113,8495.42643737793,0.42776898953164366,0.02,1,0.0,6401.158058166504
2025-06-18,33.11000061035156,33.29999923706055,32.15999984741211,32.15999984741211,1311300,32.490499877929686,33.80199989318848,hold,0.43490959676915597,4861.346454620361,113,8602.776523590088,0.43490959676915597,0.02,1,0.0,6590.208209991455
2025-06-20,32.08000183105469,33.150001525878906,32.02000045776367,33.130001068115234,855100,32.41949996948242,33.811399917602536,hold,0.4271594438823062,4861.346454620361,113,8486.386661529541,0.4271594438823062,0.02,1,0.0,6385.238452911377
2025-06-23,32.90999984741211,32.959999084472656,31.899999618530273,32.0,1168100,32.4,33.75959991455078,hold,0.43342115513582946,4861.346454620361,113,8580.17643737793,0.43342115513582946,0.02,1,0.0,6550.408058166504
2025-06-24,33.95000076293945,34.91999816894531,33.25,33.25,1379800,32.448500061035155,33.772199935913086,hold,0.4410765618462188,4861.346454620361,113,8697.69654083252,0.4410765618462188,0.02,1,0.0,6757.368240356445
2025-06-25,34.27000045776367,34.459999084472656,33.41999816894531,33.93000030517578,1179200,32.526500129699706,33.761199951171875,hold,0.4433906200442844,4861.346454620361,113,8733.856506347656,0.4433906200442844,0.02,1,0.0,6821.048179626465
2025-06-26,35.25,36.130001068115234,34.5,34.5,2060900,32.7225001335144,33.75039993286133,hold,0.4503597219429017,4861.346454620361,113,8844.596454620361,0.4503597219429017,0.02,1,0.0,7016.068088531494
2025-06-27,35.0099983215332,36.09000015258789,34.47999954223633,35.56999969482422,1315400,32.90000009536743,33.753199920654296,hold,0.4486691760155324,4861.346454620361,113,8817.476264953613,0.4486691760155324,0.02,1,0.0,6968.307754516602
2025-06-30,35.27000045776367,35.439998626708984,34.439998626708984,34.66999816894531,951000,33.142000102996825,33.766999893188476,hold,0.4505001351460459,4861.346454620361,113,8846.856506347656,0.4505001351460459,0.02,1,0.0,7020.048179626465
2025-07-01,35.209999084472656,35.900001525878906,34.779998779296875,35.27000045776367,1111700,33.401000022888184,33.77279991149902,hold,0.45007868014858504,4861.346454620361,113,8840.076351165771,0.45007868014858504,0.02,1,0.0,7008.107906341553
2025-07-02,37.439998626708984,37.7400016784668,35.900001525878906,36.0,2080900,33.73199996948242,33.83599990844726,hold,0.4653199509862135,4861.346454620361,113,9092.066299438477,0.4653199509862135,0.02,1,0.0,7451.877815246582
2025-07-03,37.150001525878906,38.279998779296875,36.77000045776367,37.84000015258789,921200,33.98850002288818,33.87299995422363,buy,0.6356178049542115,3301.0463905334473,155,9059.296627044678,0.46338588361178,0.02,1,0.25,7394.1683921813965
2025-07-07,35.95000076293945,36.709999084472656,35.369998931884766,36.40999984741211,1143300,34.17100009918213,33.893399963378904,hold,0.6279797043563531,3301.0463905334473,155,8873.296508789062,0.6279797043563531,0.02,1,0.15,7155.368240356445
2025-07-08,37.95000076293945,38.540000915527344,36.0099983215332,36.11000061035156,2425300,34.430500221252444,33.93559997558594,hold,0.6405379715906905,3301.0463905334473,155,9183.296508789062,0.6405379715906905,0.02,1,0.04999999999999999,7553.368240356445
2025-07-09,38.45000076293945,38.720001220703125,37.400001525878906,37.79999923706055,1776900,34.67600021362305,33.98860000610352,hold,0.6435461693386144,3301.0463905334473,155,9260.796508789062,0.6435461693386144,0.02,1,0.0,7652.868240356445
2025-07-10,39.119998931884766,40.65999984741211,38.189998626708984,38.189998626708984,2143500,34.92800006866455,34.07659996032715,hold,0.6474990820550668,3301.0463905334473,155,9364.646224975586,0.6474990820550668,0.02,1,0.0,7786.1978759765625
2025-07-11,37.630001068115234,38.81999969482422,37.599998474121094,38.81999969482422,1469500,35.109500122070315,34.13,hold,0.6385859361255041,3301.0463905334473,155,9133.696556091309,0.6385859361255041,0.02,1,0.0,7489.688301086426
2025-07-14,37.91999816894531,38.439998626708984,37.279998779296875,37.63999938964844,1499400,35.33800010681152,34.20439994812012,hold,0.6403558485475708,3301.0463905334473,155,9178.64610671997,0.6403558485475708,0.02,1,0.0,7547.397724151611
2025-07-15,36.5,38.58000183105469,36.40999984741211,38.43000030517578,1377000,35.52400016784668,34.255199966430666,hold,0.6315198642023349,3301.0463905334473,155,8958.546390533447,0.6315198642023349,0.02,1,0.0,7264.818088531494
2025-07-16,36.25,36.630001068115234,35.709999084472656,36.34000015258789,1437800,35.67900009155274,34.3,hold,0.6299190871624786,3301.0463905334473,155,8919.796390533447,0.6299190871624786,0.02,1,0.0,7215.068088531494
2025-07-17,38.95000076293945,39.43000030517578,36.2599983215332,36.4900016784668,3494300,36.0185001373291,34.40180000305176,hold,0.6465044360685536,3301.0463905334473,155,9338.296508789062,0.6465044360685536,0.02,1,0.0,7752.368240356445
