date,close,high,low,open,volume,sma,std,upper_band,lower_band,signal
2024-03-13,90.8518295288086,91.46758169303533,88.39980282776601,91.01876288430473,635713000,68.4382096862793,12.6974094038751,87.48432379209194,49.392095580466645,sell
2024-03-14,87.90900421142578,90.60993246753917,86.56553726731572,89.54135761646017,602318000,69.23345832824707,12.6456625917382,88.20195221585436,50.26496444063977,hold
2024-03-15,87.80204772949219,89.5103673539837,86.2226822059932,86.895410942326,642086000,70.03854248046875,12.517615984978006,88.81496645793575,51.262118503001744,hold
2024-03-18,88.4197998046875,92.3682247909847,87.05034227173738,90.35202919541369,668976000,70.84740547180176,12.368719063226854,89.40048406664204,52.294326876961485,hold
2024-03-19,89.3624267578125,90.5079668032944,84.976172470966,86.66549475083619,672171000,71.65315086364745,12.232934207623213,90.00255217508227,53.303749552212636,hold
2024-03-20,90.33604431152344,90.37403120538988,88.18789728423222,89.76126851749964,479063000,72.41527664184571,12.185077623875916,90.69289307765959,54.13766020603183,hold
2024-03-21,91.39861297607422,92.61113535282396,90.36902406254626,92.26327425898415,480372000,73.18092155456543,12.15036597233025,91.40647051306081,54.95537259607005,hold
2024-03-22,94.25148010253906,94.74028392361174,90.79785315480537,91.10473019409365,586719000,73.97943466186524,12.197784067938377,92.2761107637728,55.682758559957676,sell
2024-03-25,94.96418762207031,96.72748548007746,93.47278467924312,93.90361289500508,552136000,74.7827661895752,12.231325876321304,93.12975500405716,56.435777375093245,sell
2024-03-26,92.52416229248047,96.33664749790948,92.46518766291072,95.81285394972517,513648000,75.53953628540039,12.132676077350272,93.7385504014258,57.34052216937498,hold
2024-03-27,90.2140884399414,93.20289654761277,89.08753798498677,93.07494912764517,586067000,76.21667961120606,11.984116403593346,94.19285421659607,58.24050500581605,hold
2024-03-28,90.32005310058594,91.26367775781303,89.15751380700202,89.96419193487675,435212000,76.90251930236816,11.784752840062664,94.57964856246215,59.22539004227417,hold
2024-04-01,90.32704162597656,92.18830020895638,89.16850623304367,90.26307172974768,452441000,77.56742813110351,11.579700176907965,94.93697839646546,60.19787786574156,hold
2024-04-02,89.4164047241211,90.05814752237067,87.58513306363145,88.41279885088287,433064000,78.16646545410157,11.397390234255216,95.2625508054844,61.070380102718744,hold
2024-04-03,88.92859649658203,90.33803909261785,88.36482555925463,88.44879176806333,370067000,78.75248802185058,11.175850990714487,95.51626450792232,61.98871153577885,hold
2024-04-04,85.87080383300781,90.59792533384633,85.8458122591206,90.37001163667843,434965000,79.27297676086425,10.879456581603668,95.59216163326975,62.95379188845875,hold
2024-04-05,87.97297668457031,88.44578800690704,85.8918045734179,86.83142527427668,399678000,79.8057421875,10.632528706094789,95.75453524664218,63.85694912835782,hold
2024-04-08,87.09832763671875,88.79465089246293,86.69748624318682,88.66469774661466,283220000,80.31591682434082,10.34883664243277,95.83917178798997,64.79266186069167,hold
2024-04-09,85.32002258300781,87.60012052713442,82.98895768982644,87.40719655433202,503547000,80.80224021911621,9.987831688235211,95.78398775146903,65.8204926867634,hold
2024-04-10,87.00436401367188,87.36522041356919,83.67568736757892,83.89260387924026,431929000,81.29358322143554,9.66500478823505,95.79109040378812,66.79607603908296,hold
2024-04-11,90.57994079589844,90.7028929518332,86.89141424964939,87.38521335302488,431637000,81.85026039123535,9.372055437978085,95.90834354820248,67.79217723426822,hold
2024-04-12,88.15090942382812,90.13912407740513,87.49517220347197,89.66330791705667,426805000,82.38328582763671,8.938885765946543,95.79161447655653,68.97495717871689,hold
2024-04-15,85.9667739868164,90.57693808006732,85.89480404361007,89.06254160849194,443077000,82.84264205932617,8.50188363696296,95.5954675147706,70.08981660388173,hold
2024-04-16,87.38021850585938,88.08293408447673,86.02975814283229,86.39860698604153,370453000,83.26763504028321,8.17423093946012,95.52898144947339,71.00628863109303,hold
2024-04-17,84.0015640258789,88.73967572558121,83.91659113831582,88.30484363707065,495400000,83.56164306640625,7.922119366805098,95.44482211661389,71.6784640161986,hold
2024-04-18,84.6373062133789,86.15570660849322,82.36921187685391,84.93619083803762,447260000,83.89053604125976,7.606095288504808,95.29967897401698,72.48139310850254,hold
2024-04-19,76.169677734375,84.290445825424,75.57591993805586,83.11691697495651,875198000,84.0125732421875,7.426622062571681,95.15250633604502,72.87264014832998,hold
2024-04-22,79.4863510131836,80.04113043825068,76.36959570360536,78.07291229541282,596341000,84.21010009765625,7.162377632019139,94.95366654568497,73.46653364962754,hold
2024-04-23,82.39019775390625,82.73606074047304,80.2320603062068,80.73685660493986,438559000,84.4158856201172,6.952088911117525,94.84401898679349,73.9877522534409,hold
2024-04-24,79.64530181884766,84.04854803404984,79.15149506612265,83.91659676863443,512208000,84.56447433471679,6.76283290193135,94.70872368761381,74.42022498181977,hold
2024-04-25,82.59912872314453,83.28984807445538,78.19187862968657,78.83661866147602,424641000,84.77453842163087,6.526634650849998,94.56449039790586,74.98458644535587,hold
2024-04-26,87.70008850097656,88.29585200771425,83.35381911384516,83.78464736334433,551011000,85.05119735717773,6.345513545462063,94.56946767537082,75.53292703898464,hold
2024-04-29,87.72207641601562,87.95697586955025,85.23206289442511,87.56013832970822,388971000,85.35312530517578,6.096492183516444,94.49786358045044,76.20838702990112,hold
2024-04-30,86.36761474609375,88.78365266182121,86.26565796282804,87.2052786820904,363709000,85.62886367797852,5.812172815290095,94.34712290091366,76.91060445504337,hold
2024-05-01,83.00794982910156,85.96577177323404,81.22265755025684,85.04314260728708,559863000,85.9006005859375,5.3371473905377345,93.9063216717441,77.8948795001309,hold
2024-05-02,85.78285217285156,86.20268321187375,83.16688916320159,84.41539269757547,377898000,86.26741775512696,4.625435283168831,93.2055706798802,79.32926483037372,hold
2024-05-03,88.75366973876953,89.24547072408387,87.00536516764065,87.75406766785412,398341000,86.47242980957031,4.499734086910585,93.22203093993619,79.72282867920444,hold
2024-05-06,92.10333251953125,92.18330251406795,89.01956110232028,89.35442687478945,376203000,86.73885757446288,4.428910230512953,93.38222292023231,80.09549222869346,hold
2024-05-07,90.51795959472656,91.74446861486086,88.97557445393352,91.06174179688814,437342000,86.96808029174805,4.318417749405123,93.44570691585574,80.49045366764037,hold
2024-05-08,90.37602233886719,91.15770881690996,89.38441272091335,89.44739118815833,325721000,87.20228103637696,4.174105418439755,93.46343916403659,80.94112290871733,hold
2024-05-09,88.71168518066406,91.03575690690285,88.19589167973308,90.49297372342349,378013000,87.42394561767578,3.943214435409546,93.3387672707901,81.50912396456147,hold
2024-05-10,89.84223937988281,91.36463606067683,89.19149741137822,90.26907144547987,335325000,87.63925415039063,3.7681633413737514,93.29149916245126,81.98700913833,hold
2024-05-13,90.36302947998047,90.96179014293932,88.49377086608031,90.44199279647063,289680000,87.80166687011719,3.705284824541119,93.35959410692887,82.24373963330551,hold
2024-05-14,91.31965637207031,91.61453717454157,88.89861527885883,89.56335162049751,296507000,87.92407836914063,3.71862717777888,93.50201913580895,82.34613760247231,hold
2024-05-15,94.59234619140625,94.82425614143621,91.56255392471043,92.43520767663021,417735000,88.09732940673828,3.8241153359347466,93.8335024106404,82.36115640283616,sell
2024-05-16,94.32144927978516,95.78086733108053,94.06554682786754,94.87223250076393,323952000,88.21046432495118,3.9236250068353673,94.09590183520423,82.32502681469812,sell
2024-05-17,92.44219207763672,94.70229384560606,91.76946339148994,94.33144692377931,359691000,88.20666564941406,3.9193464004079894,94.08568525002605,82.32764604880208,hold
2024-05-20,94.7422866821289,95.16211773763297,93.40282351656103,93.71269772995323,318764000,88.35164794921874,4.025066381519225,94.38924752149758,82.31404837693991,sell
2024-05-21,95.3480453491211,95.36203971719499,93.14292188496431,93.56175387420163,328946000,88.54381149291993,4.12592265738395,94.73269547899585,82.354927506844,sell
2024-05-22,94.91221618652344,95.98179012668933,93.21189661689411,95.4210163390551,548648000,88.60452713012695,4.197678014418097,94.90104415175409,82.30801010849981,sell
2024-05-23,103.75769805908203,106.27769095331759,101.47959800397635,101.98739908517513,835065000,88.86264450073242,4.704842332269672,95.91990799913692,81.8053810023279,sell
2024-05-24,106.4266357421875,106.43263006008718,102.95901435352869,104.40743526760016,429494000,89.23299713134766,5.317218530555892,97.2088249271815,81.25716933551382,sell
2024-05-28,113.85568237304688,114.89327138994341,109.83928330076252,110.200139728129,652728000,89.75406982421875,6.3503511182710435,99.2795965016253,80.22854314681219,sell
2024-05-29,114.77930450439453,115.44603890128045,110.85687001297053,113.00501693328442,557442000,90.2812599182129,7.265527540285301,101.17955122864085,79.38296860778495,sell
2024-05-30,110.45602416992188,115.7729076045519,109.61935928526937,114.60437411424489,487350000,90.70313186645508,7.80356367138322,102.4084773735299,78.99778635938026,sell
2024-05-31,109.58937072753906,112.67214296964278,106.89744171332165,112.47521514996863,613263000,91.08819839477539,8.247480934121974,103.45941979595835,78.71697699359243,sell
2024-06-03,114.9542465209961,114.9542465209961,111.95843724915099,113.57579736127923,438392000,91.55931106567382,8.911607524302815,104.92672235212805,78.1918997792196,sell
2024-06-04,116.39066314697266,116.5536002983867,113.99961669436625,115.66995700688702,403324000,92.0020947265625,9.573524384870918,106.36238130386889,77.64180814925612,sell
2024-06-05,122.39128112792969,122.40027260477018,117.42125946364868,118.32390001995762,528402000,92.55063659667968,10.488720700663697,108.28371764767522,76.81755554568414,sell
2024-06-06,120.94985961914062,125.53703068197429,118.27292371185669,123.99864153970435,664696000,93.1191505432129,11.231337897034297,109.96615738876434,76.27214369766145,sell
2024-06-07,120.83990478515625,121.64358576516749,117.97504771750542,119.72234574158271,412386000,93.73166687011718,11.885719964192258,111.56024681640557,75.9030869238288,sell
2024-06-10,121.74153900146484,123.05101529403815,116.9634422493321,120.32210586929361,314162700,94.36009658813477,12.51563450581184,113.13354834685254,75.586644829417,sell
2024-06-11,120.87181854248047,122.8311986310285,118.7024980632085,121.73153992527472,222551200,94.97099212646485,13.048856739185458,114.54427723524304,75.39770701768666,sell
2024-06-12,125.16046905517578,126.83993895400945,122.5313021392397,123.021145301862,299595000,95.68587341308594,13.701153505073902,116.2376036706968,75.13414315547509,sell
2024-06-13,129.56907653808594,129.75901898663975,127.11985317098477,129.34914478228376,260704500,96.49868301391602,14.47569141236436,118.21222013246256,74.78514589536948,sell
2024-06-14,131.83836364746094,132.79805198433587,128.27949016143847,129.91897171973997,309320400,97.41803421020508,15.227135641056169,120.25873767178933,74.57733074862082,sell
2024-06-17,130.9386444091797,133.68777621457593,129.53909250074847,132.94801960039305,288504400,98.27734756469727,15.881524727676146,122.09963465621149,74.45506047318304,sell
2024-06-18,135.5371856689453,136.28694881895896,130.64873054101508,131.0985853802292,294335100,99.2461247253418,16.64473756744643,124.21323107651145,74.27901837417215,sell
2024-06-20,130.73870849609375,140.71555330717922,129.47911179878915,139.75586494370089,517768400,100.15449844360352,17.10227727815542,125.80791436083665,74.50108252637038,sell
2024-06-21,126.53002166748047,130.58874447418714,124.2607420188684,127.07985099689417,655484700,100.94501159667969,17.393056997617,127.03459709310519,74.85542610025419,hold
2024-06-24,118.07270050048828,124.42069359285091,118.00272291214357,123.20107765857003,476060900,101.49486679077148,17.492977688526075,127.73433332356059,75.25540025798237,hold
2024-06-25,126.05018615722656,126.46006036957517,119.2823269937167,121.16173067879078,425787500,102.25285232543945,17.722569813884096,128.8367070462656,75.66899760461331,hold
2024-06-26,126.3600845336914,128.07953495276965,122.56128151904039,126.09016552830566,362975900,103.06071853637695,17.88493521006555,129.88812135147526,76.23331572127863,hold
2024-06-27,123.95083618164062,126.37007763205357,122.88117444139863,124.06080204879507,252571700,103.79213088989258,17.978130250802405,130.7593262660962,76.82493551368897,hold
2024-06-28,123.50099182128906,127.66967326811732,122.71124035711297,124.5406643452556,315516700,104.58211944580079,17.95857692018783,131.51998482608252,77.64425406551904,hold
2024-07-01,124.26075744628906,124.80058023875378,118.79248328515592,123.43101767415311,284885500,105.37458847045899,17.934726675797627,132.27667848415544,78.47249845676255,hold
2024-07-02,122.63125610351562,123.37102788557134,120.99177466417784,121.09174155643306,218374000,106.3038200378418,17.59102207658544,132.69035315271995,79.91728692296364,hold
2024-07-03,128.23948669433594,128.23948669433594,121.32167392885506,121.62158223669927,215749000,107.27888275146485,17.42460041953841,133.41578338077247,81.14198212215723,hold
2024-07-05,125.7902603149414,128.8093107644133,125.64030616479143,127.33976619453144,214176700,108.14688400268555,17.239472646316816,134.0060929721608,82.28767503321032,hold
2024-07-08,128.1595001220703,130.72869561210538,126.99987051805138,127.44972531770834,237677300,109.11716796875,16.965669722341925,134.56567255226287,83.66866338523711,hold
2024-07-09,131.33851623535156,133.77774814549483,128.60936736242857,130.30884272059,285366600,110.09195571899414,16.810428531186734,135.30759851577426,84.87631292221404,hold
2024-07-10,134.86740112304688,135.0573435645553,132.37818193596397,133.98767413246904,248978600,111.03530197143554,16.8516133379911,136.3127219784222,85.7578819644489,hold
2024-07-11,127.35977172851562,136.10700106603016,127.00988377533271,135.70713347781276,374782700,111.82805587768554,16.663797752835595,136.82375250693894,86.83235924843214,hold
2024-07-12,129.19920349121094,131.87835007397342,127.17983694866928,128.2195019014201,252680500,112.6846876525879,16.427489050512094,137.32592122835604,88.04345407681976,hold
2024-07-15,128.39944458007812,131.34850999947517,127.13984031827107,130.5187702604364,208326200,113.59251754760743,16.002738598702436,137.5966254456611,89.58840964955377,hold
2024-07-16,126.32009887695312,128.9992452694743,124.54066218246471,128.399443888776,214769500,114.40326248168945,15.586521493496292,137.7830447219339,91.02348024144501,hold
2024-07-17,117.9527359008789,121.81151749943197,116.68314033051901,121.31167540248971,390086200,114.98724380493164,15.146689815158693,137.70727852766967,92.2672090821936,hold
2024-07-18,121.0517578125,122.36134931919207,116.52318954339042,121.81151995069708,320979500,115.56621231079102,14.803497320763006,137.77145829193552,93.36096632964652,hold
2024-07-19,117.89275360107422,121.5615926473578,117.33293291065064,120.31198744410169,217223800,116.11370819091798,14.35770671009042,137.6502682560536,94.57714812578234,hold
2024-07-22,123.50099182128906,124.03082324772716,119.82215351609416,120.31199665772752,258068900,116.7762075805664,13.902900571704429,137.63055843812305,95.92185672300977,hold
2024-07-23,122.55127716064453,124.65061999218881,122.06143405921047,122.74121959113289,173911000,117.45299942016601,13.320287750799576,137.43343104636537,97.47256779396665,hold
2024-07-24,114.21391296386719,119.91210950952006,113.404171251323,119.13235710085017,327776900,117.9404328918457,12.721772485962116,137.02309162078888,98.85777416290253,hold
2024-07-25,112.2445297241211,116.59315404133473,106.2664230667701,113.00429177700639,460067000,118.37806289672852,12.115671582572686,136.55157027058755,100.2045555228695,hold
2024-07-26,113.0242919921875,116.16329973616865,111.54476366325866,116.15330838570574,293399100,118.81215560913085,11.499573259196568,136.0615154979257,101.562795720336,hold
2024-07-29,111.55475616455078,116.24327750097967,111.26485445843416,113.65409908515099,248152100,119.15140380859376,11.010278392245963,135.6668213969627,102.63598622022481,hold
2024-07-30,103.6972427368164,111.95462852357666,102.50761612898444,111.48477574142504,486833300,119.33891967773438,10.652806112958409,135.318128847172,103.35971050829677,hold
2024-07-31,116.9830322265625,118.3026149583043,110.84497234726514,112.86433853836043,473174200,119.8297364807129,9.92903680237028,134.7232916842683,104.93618127715747,hold
2024-08-01,109.1755142211914,120.12206115379604,106.77627053548454,117.49288673851923,523462300,120.11840103149414,9.379383353749725,134.18747606211872,106.04932600086956,hold
2024-08-02,107.23612213134766,108.6856688158307,101.33799137850681,103.72723603649806,482027500,120.35616256713867,8.87581538004504,133.66988563720622,107.04243949707111,hold
2024-08-05,100.41827392578125,103.37734584261189,90.66136171396138,92.03092417423306,552842400,120.46628372192383,8.583020134688029,133.34081392395586,107.59175351989178,buy
2024-08-06,104.21707153320312,107.67597774031395,100.51824326819028,103.80719737509351,409012100,120.47547119140626,8.564996799280195,133.32296639032654,107.62797599248597,buy
2024-08-07,98.87876892089844,108.76564515252367,98.65883717427215,107.7759522927054,411440400,120.32451385498047,8.87843949335717,133.64217309501623,107.00685461494471,buy
2024-08-08,104.93685150146484,105.4666829061735,97.48919964896103,101.96778821260376,391910000,120.14613723754883,9.097937829928366,133.7930439824414,106.49923049265628,buy
2024-08-09,104.7169189453125,106.5663331721716,103.39733611905241,105.60663726461745,290844200,119.94488952636719,9.327470966119021,133.93609597554573,105.95368307718866,buy
2024-08-12,108.9855728149414,111.03492856386595,106.22644979571741,106.28642840966148,325559900,119.91548049926757,9.360259926892745,133.9558703896067,105.87509060892846,hold
2024-08-13,116.10331726074219,116.19329280080893,111.54475995028979,112.4044889345572,312646700,120.04575942993164,9.258382020900052,133.9333324612817,106.15818639858156,hold
2024-08-14,118.04270935058594,118.56254176631195,114.03397366865786,118.49256417906065,339246400,120.10752868652344,9.233990203089462,133.95851399115764,106.25654338188924,hold
2024-08-15,122.82120513916016,123.20108240094191,117.43290774825016,118.722501320516,318086700,120.23613952636718,9.225943999607829,134.07505552577894,106.39722352695544,hold
2024-08-16,124.5406494140625,124.96051491369623,121.14172188301305,121.901483949244,302589900,120.27912689208985,9.24118539295467,134.14090498152186,106.41734880265784,hold
2024-08-19,129.9589385986328,129.9589385986328,123.38101510677953,124.24074407997541,318333600,120.45930847167969,9.341810194816388,134.47202376390428,106.4465931794551,hold
2024-08-20,127.2098159790039,129.83899033787588,125.85024484050366,128.3594467212338,300087400,120.58670669555664,9.390414620785728,134.67232862673524,106.50108476437805,hold
2024-08-21,128.45941162109375,129.30914923924126,126.6199964697288,127.279784034202,257883600,120.72106414794922,9.455111671927312,134.9037316558402,106.53839664005825,hold
2024-08-22,123.70092010498047,130.70870844472378,123.06112283059149,129.97894325377314,376189100,120.77764617919922,9.464492653291632,134.97438515913666,106.58090719926177,hold
2024-08-23,129.32913208007812,129.5590704147264,125.18044900805843,125.8202462463596,323230300,120.86101943969726,9.522074951533858,135.14413186699804,106.57790701239648,hold
2024-08-26,126.42005920410156,131.21853864319473,124.33072295006603,129.52908520948145,331964700,120.79803909301758,9.47359380143935,135.0084297951766,106.58764839085856,hold
2024-08-27,128.25949096679688,129.15920068067538,123.84088083210607,125.01051718872198,303134600,120.72646163940429,9.401724035801294,134.82904769310625,106.62387558570235,hold
2024-08-28,125.5703353881836,128.28947768481862,122.60127203673997,128.07953728703234,448101100,120.61909545898438,9.312956071350982,134.58852956601083,106.6496613519579,hold
2024-08-29,117.5528564453125,124.3907000501477,116.67313713223366,121.32166999102746,453023300,120.25940887451172,9.069133649849388,133.8631093492858,106.65570839973763,hold
2024-08-30,119.33230590820312,121.71155156264531,117.18298334905096,119.49225141445028,333751600,120.0312808227539,8.942733627323658,133.4453812637394,106.6171803817684,hold
2024-09-03,107.96588897705078,116.17329499238285,107.25611414068058,115.97336121173781,477155100,119.65999816894531,9.052115841407181,133.2381719310561,106.08182440683453,hold
2024-09-04,106.17645263671875,113.23422029378455,104.08711642455602,105.37670989305681,372470300,119.42207321166993,9.248888880946948,133.29540653309036,105.54873989024951,hold
2024-09-05,107.17613983154297,109.61537166703076,104.7269166457022,104.9568397355808,306850700,119.04459228515626,9.357373761284572,133.08065292708312,105.00853164322939,hold
2024-09-06,102.79752349853516,108.11584289854254,100.91811240569285,108.00587703132368,413638100,118.57334106445313,9.572290657742148,132.93177705106635,104.21490507783992,buy
2024-09-09,106.4363784790039,106.51635504584455,103.65725761066608,104.84687662773341,273912000,118.22305191040039,9.691214152647676,132.7598731393719,103.68623068142887,hold
2024-09-10,108.06585693359375,109.36544940156337,104.91685028196345,107.77594760990868,268283700,117.91434921264648,9.76521214978523,132.56216743732432,103.26653098796864,hold
2024-09-11,116.87307739257812,117.15298773367408,107.38606933752642,109.35544832921772,441422400,117.76659561157227,9.723026363278095,132.35113515648942,103.18205606665512,hold
2024-09-12,119.11256408691406,120.76218565399151,115.35342779588602,116.81309067491064,367100500,117.69622177124023,9.699804255287338,132.24592815417122,103.14651538830923,hold
2024-09-13,119.07257080078125,119.93237336061968,117.57291623747761,119.0525787627644,238358300,117.51288345336914,9.582378791010703,131.8864516398852,103.13931526685309,hold
2024-09-16,116.75310516357422,118.15278427890816,114.33366430325611,116.76310499638278,248772300,117.3321403503418,9.508005298761681,131.59414829848433,103.07013240219928,hold
2024-09-17,115.5633773803711,118.77264486908852,114.80355789094266,118.14278506866847,231925900,117.08021789550781,9.381298841755406,131.15216615814091,103.0082696328747,hold
2024-09-18,113.34388732910156,117.67288409225483,113.19392035691743,115.86330347677422,310318900,116.72032531738282,9.165835623441755,130.46907875254544,102.97157188222019,hold
2024-09-19,117.84285736083984,119.63244604030882,117.22299740049117,117.32297284502805,293506400,116.37983444213867,8.786308466792192,129.55929714232695,103.20037174195039,hold
2024-09-20,115.9732894897461,118.59268894658479,115.36342933997693,117.03304297010142,382462400,116.15210479736328,8.642296113594705,129.11554896775533,103.18866062697123,hold
2024-09-23,116.23323059082031,116.96305822001592,114.83355144756428,116.52316472695202,206228500,115.89278533935547,8.434855153589755,128.5450680697401,103.24050260897084,hold
2024-09-24,120.84217071533203,121.77195687475644,115.35342937374385,116.49316626237535,354966800,115.74163986206055,8.272316673406678,128.15011487217058,103.33316485195053,hold
2024-09-25,123.48155975341797,124.91123075234002,121.58199576757475,121.99189738474502,284692900,115.68486907958984,8.207725769202037,127.9964577333929,103.37328042578679,hold
2024-09-26,124.01143646240234,127.64059778478497,121.77195443476235,126.77080301373226,302582900,115.80604309082031,8.286238530496881,128.23540088656563,103.37668529507499,hold
2024-09-27,121.3720474243164,124.00143908292871,119.23254080039722,123.94145533963831,271009200,115.81244888305665,8.290499270828525,128.24819778929944,103.37669997681385,hold
2024-09-30,121.41203308105469,121.47201682135709,118.12278989954673,118.28274908289889,226553700,115.88283447265626,8.323395228952736,128.36792731608537,103.39774162922716,hold
2024-10-01,116.97306060791016,122.4118104821477,115.76334012719617,121.7419589534566,302094500,115.75227584838868,8.25235463324508,128.13080779825628,103.37374389852106,hold
2024-10-02,118.82262420654297,119.3525009132392,115.11347963203208,116.41318325903728,221845900,115.67770278930664,8.206380115978648,127.9872729632746,103.36813261533867,hold
2024-10-03,122.82170867919922,124.33136309340041,120.31228454416183,120.89215281287986,277118000,115.84985870361328,8.265123815200067,128.24754442641338,103.45217298081317,hold
2024-10-04,124.89122772216797,125.01120283080023,121.80194304435166,124.91122738742537,243678100,116.10279266357422,8.345658152135544,128.62127989177753,103.58430543537091,hold
2024-10-07,127.69058990478516,130.60991565760295,124.92122350791122,124.96121521204213,346250200,116.39611862182618,8.491710678660164,129.1336846398164,103.65855260383593,hold
2024-10-08,132.85939025878906,133.4492507002601,129.39018829854146,130.22999115642648,285722500,116.82221130371094,8.773651575127824,129.98268866640268,103.66173394101921,sell
2024-10-09,132.6194305419922,134.4890100563581,131.349734141409,134.0791008615525,246191600,117.40065505981445,8.843801718483807,130.66635763754016,104.13495248208875,sell
2024-10-10,134.77894592285156,134.9689045997989,130.96982594499002,131.87962000022492,242311300,117.75657333374023,9.17841890541506,131.52420169186283,103.98894497561764,sell
2024-10-11,134.7689666748047,135.74873676795113,133.6292297588208,133.97914002159231,170209500,118.2684423828125,9.4010548280161,132.37002462483665,104.16686014078834,sell
2024-10-14,138.03822326660156,139.5678698363904,136.26862645350758,136.43858548845338,232347700,118.88448440551758,9.668767854581985,133.38763618739057,104.38133262364461,sell
2024-10-15,131.5697021484375,138.53809836462625,128.7103601195905,137.8382473516489,377831000,119.5075129699707,9.455884799318593,133.69134016894859,105.32368577099281,hold
2024-10-16,135.68873596191406,136.58852253050404,131.5496902869071,133.94913130666296,264879700,120.13694625854492,9.46475651066947,134.33408102454914,105.93981149254071,sell
2024-10-17,136.89846801757812,140.8575630403271,136.83848427190068,139.30791683746315,306435900,120.89734024047851,9.246761961741559,134.76748318309086,107.02719729786618,sell
2024-10-18,137.9682159423828,138.86800255294065,137.24838055182667,138.63805979784692,176090200,121.55796752929687,9.263141693637127,135.45268006975257,107.66325498884119,sell
2024-10-21,143.67691040039062,143.67691040039062,137.96821869705386,138.09819363983328,264554500,122.33716735839843,9.454243195330843,136.5185321513947,108.15580256540217,sell
2024-10-22,143.55694580078125,144.3867565878425,141.74736485471627,142.8771096409394,226311600,123.02859481811524,9.718342985823293,137.60610929685018,108.4510803393803,sell
2024-10-23,139.52786254882812,142.3971968224879,137.42835524686083,141.99729502838238,285930000,123.49708572387695,9.939773237957667,138.40674558081344,108.58742586694045,sell
2024-10-24,140.37767028808594,141.31745626734755,138.4281223817854,140.78757953525755,172354900,123.94378494262695,10.188411196846426,139.2264017378966,108.6611681473573,sell
2024-10-25,141.5074005126953,144.096815700832,140.76758067774944,140.89754036873228,205122100,124.31750885009765,10.48479885222809,140.0447071284398,108.59031057175551,sell
2024-10-28,140.48765563964844,143.1070476166606,140.01776261632966,142.96708045579604,173586700,124.63644897460938,10.731374046097642,140.73351004375584,108.53938790546292,hold
2024-10-29,141.21746826171875,142.22723015349655,138.86800339560858,140.25768265006158,157593600,124.86161956787109,10.960991382191935,141.303106641159,108.42013249458319,hold
2024-10-30,139.3079071044922,140.29768460484607,136.778490969974,139.50785799453917,179418100,125.10358139038085,11.145857831290522,141.82236813731663,108.38479464344508,hold
2024-10-31,132.72943115234375,137.57832071125284,132.07958689426476,137.5683285053032,270039600,125.18898178100586,11.18837271792972,141.97154085790044,108.40642270411129,hold
2024-11-01,135.3688201904297,137.27838410441936,134.5390247094388,134.66898440540822,207127800,125.42233978271484,11.278023151726106,142.339374510304,108.50530505512569,hold
2024-11-04,136.0186767578125,138.9280103748792,135.53879155204424,137.17841332242185,187528200,125.55613067626953,11.364661334734995,142.60312267837202,108.50913867416705,hold
2024-11-05,139.87777709960938,140.33766260126754,137.29836954050154,137.41833701827767,160537400,125.82528503417969,11.543495222606547,143.14052786808952,108.51004220026987,hold
2024-11-06,145.5764617919922,146.45626398045817,141.9273086103062,142.92707827709958,242043900,126.1716244506836,11.873094167999858,143.98126570268337,108.36198319868382,sell
2024-11-07,148.84573364257812,148.8957099286715,146.1363507552026,146.35630133300918,207323300,126.63713241577149,12.297723936432616,145.08371832042042,108.19054651112256,sell
2024-11-08,147.5959930419922,149.73549940640058,146.226298296804,148.73572979209249,175665800,127.23799514770508,12.575619962426188,146.10142509134437,108.37456520406579,sell
2024-11-11,145.22653198242188,148.81571657335158,143.536934110279,148.64574231041613,182325600,127.75587966918945,12.77500906246091,146.9183932628808,108.5933660754981,hold
2024-11-12,148.25582885742188,149.61551613817602,145.97635536546252,146.74618223717314,198634700,128.56167846679688,12.771924383764937,147.7195650424443,109.40379189114947,sell
2024-11-13,146.23631286621094,149.29560559389023,145.8663877173454,149.03567097343083,191903300,129.36287567138672,12.59428043850606,148.2542963291458,110.47145501362763,hold
2024-11-14,146.72618103027344,148.96567042657134,145.51646835701078,147.6059831601179,194463300,130.15387649536132,12.413067586961796,148.77347787580402,111.53427511491861,hold
2024-11-15,141.94729614257812,145.20655509140138,140.04773983599173,144.83662993296312,250132900,130.93687194824219,11.875363541358913,148.74991726028054,113.12382663620382,hold
2024-11-18,140.11770629882812,141.51739292157006,137.11839743544738,139.46786214720512,221866000,131.61049850463868,11.403108782163597,148.71516167788408,114.50583533139329,hold
2024-11-19,146.97613525390625,147.0961179891657,140.9575327604593,141.28745858569204,227834900,132.3887040710449,11.086842777444742,149.01896823721202,115.7584399048778,hold
2024-11-20,145.8563995361328,147.52601308862683,142.69712365290204,147.37605373716247,309871700,132.96837051391603,11.016527052368156,149.49316109246826,116.4435799353638,hold
2024-11-21,146.63623046875,152.85479966423284,140.6676037159947,149.3156213875326,400946600,133.51884384155272,10.997685773503038,150.0153725018073,117.02231518129817,hold
2024-11-22,141.91729736328125,147.1261039006014,141.06750232234785,145.89637625946256,236406200,133.97573837280274,10.858935108102104,150.26414103495588,117.68733571064958,hold
2024-11-25,135.98867797851562,142.01728800977313,135.78872709087477,141.95730426900835,344941900,134.36044982910155,10.57330079790206,150.22040102595466,118.50049863224847,hold
2024-11-26,136.8884735107422,139.2679304177918,135.6387613125482,137.66829270199315,190287700,134.78695175170898,10.223927093029575,150.12284239125336,119.45106111216462,hold
2024-11-27,135.30882263183594,137.1883944813901,131.7696447344509,134.97889681216265,226370900,135.22625045776368,9.744411003762348,149.8428669634072,120.60963395212016,hold
2024-11-29,138.21817016601562,139.3179230108574,136.018679731608,136.74850738939793,141863200,135.6337567138672,9.423364260418674,149.76880310449522,121.49871032323918,hold
2024-12-02,138.5980682373047,140.41764102523763,137.7882572804853,138.79801911159885,171682800,136.08625228881837,8.993427832013355,149.5763940368384,122.59611054079834,hold
2024-12-03,140.2277069091797,140.50764123326277,137.91824110785586,138.22816730557096,164414000,136.56614181518555,8.54125635057718,149.3780263410513,123.75425728931978,hold
2024-12-04,145.10658264160156,145.75642688476938,140.25769319395386,141.9673061992379,231224300,137.05143005371093,8.315979909500285,149.52539991796135,124.57746018946051,hold
2024-12-05,145.03659057617188,146.51634749056768,143.9267690762933,145.08658555940238,172621200,137.48253067016603,8.155315772903554,149.71550432952137,125.24955701081069,hold
2024-12-06,142.41700744628906,145.67647567148725,141.2871849873485,144.57666240527564,188505600,137.85064208984375,7.947600040093609,149.77204214998414,125.92924202970333,hold
2024-12-09,138.78758239746094,139.92739769900004,137.10786100838232,138.9475602220375,189308600,138.19895278930665,7.5839798007469845,149.57492249042713,126.82298308818616,hold
2024-12-10,135.04820251464844,141.79711283924593,133.76839511357173,138.9875536517665,210020900,138.4716761779785,7.203639078872514,149.27713479628727,127.66621755966973,hold
2024-12-11,139.28750610351562,140.14736786765778,135.1881771980721,137.3378239802647,184905200,138.91796508789062,6.501561508570564,148.67030735074647,129.16562282503477,hold
2024-12-12,137.3178253173828,138.41765384511186,135.77808063488797,137.05787278188586,159211400,139.2878691101074,5.825946666180108,148.02678910937757,130.54894911083724,hold
2024-12-13,134.22833251953125,139.5774751507731,132.51860179476702,138.91757801094644,231514900,139.51600158691406,5.373789988392176,147.57668656950233,131.4553166043258,hold
2024-12-16,131.9786834716797,134.3782897959075,130.39893679330513,134.1583241029487,237951100,139.6577507019043,5.064735696960251,147.25485424734467,132.06064715646392,buy
2024-12-17,130.36895751953125,131.56876081657285,126.83952839876781,129.06916425760008,259410300,139.7113180541992,4.948409566188009,147.13393240348123,132.2887037049172,buy
2024-12-18,128.88919067382812,136.6779262372523,128.25928750759206,133.83838842708505,277444500,139.6319140625,5.090417931863597,147.26754096029538,131.9962871647046,buy
2024-12-19,130.6588897705078,134.00835489709178,129.52908262326224,131.73871719708123,209719200,139.59270324707032,5.152706336158759,147.32176275130846,131.86364374283218,buy
2024-12-20,134.67825317382812,135.2581613788304,128.19930347129645,129.78904314606552,306528600,139.59068939208984,5.1546454259837935,147.32265753106554,131.85872125311414,hold
2024-12-23,139.64744567871094,139.7674214203078,135.098177315152,136.25799367167244,176053500,139.68825897216797,5.10747016749161,147.3494642234054,132.02705372093055,hold
2024-12-24,140.19737243652344,141.8770939941236,138.6276184809867,139.97740671974344,105157000,139.7314419555664,5.102359726728701,147.38498154565946,132.07790236547334,hold
2024-12-26,139.90740966796875,140.8272746166671,137.70776777261636,139.67745105895742,116205600,139.89819610595703,4.964560701302857,147.34503715791132,132.45135505400273,hold
2024-12-27,136.98788452148438,138.99756992182031,134.68826788900355,138.52764454755555,170582600,139.92417907714844,4.945442940406376,147.342343487758,132.50601466653887,hold
2024-12-30,137.46780395507812,140.24735382720857,133.9983630613892,134.80822982362736,167734700,139.93556579589844,4.938985387874127,147.34404387770962,132.52708771408726,hold
2024-12-31,134.26832580566406,138.0477299443946,133.80840856948805,138.0077278547889,155659200,139.86156799316407,4.996444891917349,147.3562353310401,132.36690065528805,hold
2025-01-02,138.2876739501953,138.85758927368732,134.608275235204,135.97804923146714,198247200,139.75378326416015,4.970521353437997,147.20956529431714,132.29800123400315,hold
2025-01-03,144.44668579101562,144.87660907201655,139.70744526818353,139.9873988596089,229322500,139.77157806396485,4.985983414401746,147.25055318556747,132.29260294236224,hold
2025-01-06,149.40586853027344,152.13543878056797,147.79614309655065,148.5660078023331,265377400,139.96913818359374,5.168488026096556,147.72187022273857,132.2164061444489,sell
2025-01-07,140.11737060546875,153.1052785673635,139.9873867148958,153.00528861210353,351782200,139.9639321899414,5.168199217765864,147.7162310165902,132.2116333632926,hold
2025-01-08,140.08738708496094,143.92676365371082,137.53779559953318,142.55698965149892,227349900,139.9355319213867,5.163443899886203,147.68069777121602,132.1903660715574,hold
2025-01-10,135.88807678222656,139.89742434133598,134.1983469953677,137.42782161536184,207602500,139.84354034423828,5.19428732996648,147.63497133918798,132.05210934928857,hold
2025-01-13,133.20849609375,133.46846390099535,129.4890951782822,129.96902870412282,204808900,139.6833609008789,5.273932204578508,147.59425920774666,131.77246259401116,hold
2025-01-14,131.7387237548828,136.357988296776,130.02900835327767,136.02803973976037,195590500,139.53197723388672,5.39223577711272,147.6203308995558,131.44362356821765,hold
2025-01-15,136.218017578125,136.42797514246556,131.26880425867054,133.6284239860889,185217300,139.60174896240235,5.3245645943027995,147.58859585385656,131.61490207094815,hold
2025-01-16,133.54844665527344,138.72760318445665,133.46845773799356,138.61762033023757,209235600,139.56534149169923,5.360202793648825,147.60564568217248,131.52503730122598,hold
2025-01-17,137.68777465820312,138.47764040694682,135.43813790068955,136.6679350563591,201188800,139.59872344970702,5.342833525896274,147.61297373855143,131.58447316086261,hold
2025-01-21,140.80726623535156,141.80710479535009,137.06786452867982,139.1375376709131,197749000,139.61731323242188,5.3454406662637375,147.63547423181748,131.59915223302627,hold
2025-01-22,147.04627990722656,147.76614971080585,143.64681928959496,144.63666506104835,237651400,139.64670959472656,5.382791831013488,147.7208973412468,131.57252184820632,hold
2025-01-23,147.1962432861328,147.20623618008437,143.6968081059284,145.02659530516527,155915500,139.61371978759766,5.330059053280203,147.60880836751795,131.61863120767737,hold
2025-01-24,142.5969696044922,148.9459505211395,141.8570988390214,148.34604128656673,234657600,139.51373931884766,5.22308501088738,147.34836683517872,131.6791118025166,hold
2025-01-27,118.40087890625,128.3792633336458,116.68115538488553,124.77985371820253,818830900,138.97722625732422,5.951290026578964,147.90416129719267,130.05029121745577,buy
2025-01-28,128.9691925048828,128.97918539907013,116.23124265613879,121.79034308969104,579666400,138.59149353027342,5.96264491132,147.53546089725342,129.64752616329343,buy
2025-01-29,123.6800308227539,126.86951837337095,120.03062606319732,126.47958193260648,467120600,138.1403678894043,6.220171798257683,147.47062558679082,128.8101101920178,buy
2025-01-30,124.6298828125,124.97982479629701,118.08093694190879,123.08012993376066,392925500,137.69844192504883,6.380596246556433,147.2693362948835,128.12754755521416,buy
2025-01-31,120.05062103271484,127.82936416140842,119.17076580619347,123.7600213429819,390372900,137.26050842285156,6.819378071896506,147.48957553069633,127.0314413150068,buy
2025-02-03,116.64117431640625,118.55086206886682,112.99176191394916,114.73147893578255,371235700,136.79097778320312,7.401961068469802,147.89391938590782,125.68803618049841,buy
2025-02-04,118.63085174560547,121.18043560579926,116.6811618932845,116.94112206589325,256550000,136.2240721130371,7.685987778396141,147.75305378063132,124.69509044544289,buy
2025-02-05,124.80985260009766,124.97982332906605,120.74050985762979,121.74034844426231,262230800,135.8031411743164,7.723921932698101,147.38902407336357,124.21725827526926,hold
2025-02-06,128.65921020507812,128.74920726442895,125.18977703531333,127.39941919373811,251483600,135.44360076904297,7.627161442702301,146.88434293309643,124.00285860498953,hold
2025-02-07,129.81903076171875,130.34894396083934,124.97981594966575,129.19913575663247,228186300,135.20163543701173,7.609480755512151,146.61585657027996,123.7874143037435,hold
2025-02-10,133.54844665527344,134.97820850379568,129.93902876577076,130.0689974070653,216989100,135.15283081054687,7.612154852823279,146.5710630897818,123.73459853131196,hold
2025-02-11,132.77857971191406,134.45830137072844,130.99886808260132,132.5586139818797,178902400,135.0706329345703,7.615219671775666,146.4934624422338,123.64780342690682,hold
2025-02-12,131.11883544921875,132.21866402899062,129.0591703419428,129.9990210816885,160278600,134.98683319091796,7.635571709215579,146.44019075474134,123.53347562709459,hold
2025-02-13,135.26815795898438,136.477969382041,131.1488277944593,131.5387642395835,197430000,134.92783294677736,7.6214779279967715,146.3600498387725,123.4956160547822,hold
2025-02-14,138.8275909423828,139.22752026611062,135.4781256449407,136.45796316750187,195479600,134.93242340087892,7.623802410152316,146.3681270161074,123.49671978565044,hold
2025-02-18,139.37750244140625,143.41685915221993,137.90773839766058,141.2472111010542,219176600,134.91541931152344,7.612690853548947,146.33445559184685,123.49638303120001,hold
2025-02-19,139.20751953125,141.33718056281413,137.1978495021305,139.48747310974449,167536000,134.7974380493164,7.496347920233045,146.04195992966598,123.55291616896685,hold
2025-02-20,140.08738708496094,140.637301367124,136.7679156045049,140.0073981660712,143903600,134.6984539794922,7.390313294490587,145.78392392122808,123.61298403775632,hold
2025-02-21,134.40829467773438,141.4371740194045,134.00836534323213,140.0173897923713,228217600,134.53827972412108,7.30591755421716,145.49715605544682,123.57940339279534,hold
2025-02-24,130.25897216796875,138.56762852998253,130.0590074983429,136.53795738344377,251381100,134.36770751953125,7.3042429523537535,145.32407194806188,123.41134309100062,hold
2025-02-25,126.60956573486328,130.17898941676333,124.41992427451078,129.95902369285497,271428700,134.19893478393556,7.385241445132279,145.27679695163397,123.12107261623714,hold
2025-02-26,131.25881958007812,133.70842127410083,128.4692763992483,129.96903440656757,322553800,134.0383610534668,7.359582524946984,145.07773484088727,122.99898726604631,hold
2025-02-27,120.130615234375,134.98821054448712,119.9906384337315,134.97821765027223,443175800,133.69461685180664,7.600713978593796,145.09568781969733,122.29354588391595,buy
2025-02-28,124.89983367919922,125.06980440717122,116.38121232741895,118.00094594624423,389091100,133.508046875,7.70117236908836,145.05980542863253,121.95628832136745,hold
2025-03-03,114.04158782958984,123.68003128569312,112.26187634904674,123.49006713958599,411381400,133.1493049621582,8.176951211201159,145.41473177895995,120.88387814535646,buy
2025-03-04,115.97127532958984,119.29073912641502,110.09222719636827,110.63214094760745,398163300,132.86135131835937,8.523045026321727,145.64591885784196,120.07678377887677,buy
2025-03-05,117.28106689453125,118.26090441787001,114.49151637878758,117.56102047262804,284337900,132.62918884277343,8.787450190067071,145.81036412787404,119.44801355767282,buy
2025-03-06,110.55215454101562,115.33138186500223,110.20221255397621,113.51167590423404,321181900,132.2270541381836,9.323190868329283,146.21184044067752,118.24226783568969,buy
2025-03-07,112.67181396484375,113.46168737204893,107.54263707893918,111.232043943795,341755500,131.7869253540039,9.716266483550653,146.36132507932987,117.21252562867792,buy
2025-03-10,106.96273040771484,111.83193921740828,105.44297155454524,109.88225711490554,366487400,131.13323104858398,10.260855821507482,146.5245147808452,115.74194731632275,buy
2025-03-11,108.74244689941406,112.2218809117277,104.75308544348755,106.97272832797886,354865700,130.5041325378418,10.650642652069195,146.4800965159456,114.528168559738,buy
2025-03-12,115.73196411132812,116.75189758318456,112.87216201952944,114.1120814413496,323857500,130.02062362670898,10.76320219409707,146.16542691785457,113.87582033556338,hold
2025-03-13,115.57197570800781,117.75182462929007,113.7820990939805,117.02187196535417,299033100,129.59230545043945,10.905463367165053,145.95050050118704,113.23411039969187,hold
2025-03-14,121.66155242919922,121.87153693655638,118.1418001271865,118.6017672807591,277593500,129.27618041992187,10.901604493795276,145.62858716061479,112.92377367922896,hold
2025-03-17,119.52169799804688,122.88146527258023,118.02180216580395,122.73147416358299,255501500,128.98124786376954,10.96309504707618,145.4258904343838,112.53660529315528,hold
2025-03-18,115.42198181152344,119.01172876569431,114.53204424682897,117.99180297800854,299686900,128.52393402099608,11.043578362498835,145.08930156474435,111.95856647724783,hold
2025-03-19,117.51183319091797,120.44162996547794,115.67196466720779,117.26185055700965,273426200,127.98523696899414,10.907115393785562,144.3459100596725,111.6245638783158,hold
2025-03-20,118.52176666259766,120.19164884723557,116.46191217445423,116.54190844924116,248829700,127.36755493164063,10.537523237679236,143.17383978815948,111.56127007512177,hold
2025-03-21,117.69182586669922,117.98180664950618,115.41198537165405,116.93188412092742,266498500,126.91904403686523,10.460747071432618,142.61016464401416,111.2279234297163,hold
2025-03-24,121.40157318115234,122.21151449504808,119.33170959432591,119.87167301321132,228452500,126.54532775878906,10.313443048797,142.01549233198455,111.07516318559355,hold
2025-03-25,120.68162536621094,121.28158219452679,118.9117439494844,120.5416356938994,167447200,126.24119873046875,10.25636645654747,141.62574841528996,110.85664904564754,hold
2025-03-26,113.75210571289062,118.83174729689935,112.70217554499752,118.72176195088541,293463300,125.85207092285157,10.355243945114706,141.38493684052364,110.31920500517951,hold
2025-03-27,111.4222640991211,114.4420510740887,110.6523209143036,111.34226782232153,236902100,125.44574172973633,10.516880748980293,141.22106285320677,109.67042060626588,hold
2025-03-28,109.66238403320312,112.86216644188174,109.06242721559616,111.48225736963437,229872500,124.91462905883789,10.631684138565314,140.86215526668587,108.96710285098992,hold
2025-03-31,108.37247467041016,110.95229742526604,103.642807248706,105.12270025073305,299212700,124.41110961914063,10.8091289343996,140.62480302074005,108.19741621754123,hold
2025-04-01,110.14234924316406,110.19234119227177,106.46260459302538,108.51245759918966,222614000,123.86020111083984,10.820595278227657,140.09109402818132,107.62930819349836,hold
2025-04-02,110.4123306274414,111.97222748899677,106.78258544027105,107.28255072037597,220601200,123.25230239868164,10.702225582556656,139.30564077251663,107.19896402484665,hold
2025-04-03,101.79293060302734,105.62265871984647,101.59293992049946,103.50281088710224,338769400,122.34723541259766,10.56151847104655,138.1895131191675,106.50495770602782,buy
2025-04-04,94.30345153808594,100.12304726897904,92.10360729078229,98.90313835695446,532273800,121.28937957763672,10.670162118025045,137.2946227546743,105.28413640059915,buy
2025-04-07,97.63321685791016,101.7429319683666,86.61398571543218,87.45392370324234,611041300,120.39010452270507,10.732300552461997,136.48855535139808,104.29165369401207,buy
2025-04-08,96.29331970214844,105.84265234199715,94.45344343361101,103.80279300527448,476243400,119.94795333862305,11.258425071035782,136.83559094517673,103.06031573206937,buy
2025-04-09,114.32205963134766,115.0920027848049,97.52322363090776,98.88312976565122,612918300,119.65501068115235,11.209354487056903,136.4690424117377,102.84097895056699,hold
2025-04-10,107.56253051757812,110.85230299023063,99.14311699545735,109.36240858521514,437812400,119.33266067504883,11.32242094420698,136.3162920913593,102.34902925873835,hold
2025-04-11,110.92229461669922,111.54225429514813,107.47253732050476,108.49246311009279,313417300,119.05850891113282,11.357438739391094,136.09466702021945,102.02235080204618,hold
2025-04-14,110.70230865478516,114.282061802319,109.06242318709587,114.10207400079875,264705000,118.87154266357422,11.417560140565564,135.99788287442257,101.74520245272586,hold
2025-04-15,112.19220733642578,113.61211454925541,110.49232841239639,110.96229700273265,228966900,118.78256332397461,11.452578722103409,135.96143140712974,101.6036952408195,hold
2025-04-16,104.48274230957031,106.78258565420647,100.44302192276541,104.54274333093115,397016900,118.49960113525391,11.62981293349959,135.9443205355033,101.05488173500453,hold
2025-04-17,101.48294830322266,104.46274466720584,100.04305351417702,104.44274178425454,290833400,118.03306304931641,11.837539048330166,135.78937162181165,100.27675447682117,hold
2025-04-21,96.90327453613281,99.43309764026857,95.03340163666236,98.76313836502491,288501100,117.3979443359375,12.104665465496923,135.55494253418289,99.2409461376921,buy
2025-04-22,98.88313293457031,99.80306722318255,97.2732441150665,98.77313996214224,241004800,116.77922637939453,12.246613553818634,135.14914671012247,98.40930604866658,hold
2025-04-23,102.70286560058594,104.79272441151089,102.01291108169299,104.51273745001276,247526000,116.16231475830078,12.161251462852906,134.40419195258013,97.92043756402143,hold
2025-04-24,106.422607421875,106.53260039132012,103.10283834219908,103.47281538750215,220815000,115.6351953125,11.996406530390882,133.62980510808632,97.64058551691369,hold
2025-04-25,111.0022964477539,111.9122293136747,105.72266417620379,106.84258154964476,251064700,115.2328645324707,11.802284325465635,132.93629102066916,97.52943804427224,hold
2025-04-28,108.72245025634766,110.36233572086073,106.01263179735646,109.68238265297498,207708500,114.70195037841796,11.47515583378161,131.91468412909038,97.48921662774555,hold
2025-04-29,109.0124282836914,110.19234667117642,107.43254376799985,107.66252352883211,170444300,114.10564712524415,10.958945763041067,130.54406576980574,97.66722848068255,hold
2025-04-30,108.91243743896484,108.91243743896484,104.07277707156662,104.46274938923446,235044600,113.4963458251953,10.355484075677687,129.02957193871183,97.96311971167877,hold
2025-05-01,111.60224914550781,114.93201970345093,111.29227311666197,113.07214827264656,236121500,112.94424041748047,9.669907668413835,127.44910192010123,98.43937891485972,hold
2025-05-02,114.49205017089844,115.39198920893173,113.36213137411846,114.17207269391602,190194800,112.43233367919922,8.846066207530134,125.70143299049442,99.16323436790401,hold
2025-05-05,113.81209564208984,114.6620350893898,112.65218016349414,112.90216280263321,133163200,112.02040969848633,8.262119475350222,124.41358891151167,99.627230485461,hold
2025-05-06,113.53211975097656,114.73203340369881,110.81230733401684,111.47226518321953,158525600,111.68587265014648,7.8362223399782085,123.44020616011379,99.93153914017917,hold
2025-05-07,117.05187225341797,117.67183196470502,112.27220526080853,113.04215608614977,206758800,111.49471878051757,7.577036998127809,122.8602742777093,100.12916328332585,hold
2025-05-08,117.36185455322266,118.67176116768113,115.84195580422112,118.24179071447391,198428100,111.21677947998047,7.07554581856483,121.83009820782772,100.60346075213323,hold
2025-05-09,116.64189910888672,118.2217911942619,115.20199668891294,117.34184743589364,132972200,111.1470051574707,7.002676041295605,121.65101921941411,100.6429910955273,hold
2025-05-12,122.99146270751953,122.99146270751953,120.27165027906005,121.96153541928634,225023300,111.10883773803711,6.931021893526983,121.50537057832759,100.71230489774663,sell
2025-05-13,129.9209747314453,131.21089374180312,124.46136223351174,124.97132897244262,330430100,111.42642547607421,7.415051620955966,122.54900290750817,100.30384804464026,sell
2025-05-14,135.33059692382812,135.43059608188196,131.67084745036084,133.19074615794872,281180800,111.81361190795899,8.128338714082128,124.00611997908217,99.6211038368358,sell
2025-05-15,134.8206329345703,136.29053200968949,132.65078555171073,134.2806619130786,226632600,112.16440322875977,8.725638795681906,125.25286142228262,99.07594503523691,sell
2025-05-16,135.39059448242188,136.34054073998118,133.45074197294815,136.21054488205627,226542500,112.6611720275879,9.318863357584087,126.63946706396402,98.68287699121177,sell
2025-05-19,135.5605926513672,135.86055961165334,132.38080555276906,132.38080555276906,193154600,113.11894760131835,9.865550169756938,127.91727285595377,98.32062234668294,sell
2025-05-20,134.37066650390625,134.5706495538956,132.610779045451,134.28066116234166,161514200,113.6671063232422,10.269667616192223,129.07160774753052,98.26260489895387,sell
2025-05-21,131.7908477783203,137.39044962876582,130.58092511560693,133.0507547616815,270608700,114.12807434082032,10.557356205687464,129.96410864935152,98.29204003228912,sell
2025-05-22,132.82078552246094,134.2406851659139,131.54087555490528,132.22082104991222,187344000,114.46985076904296,10.881959574821549,130.7927901312753,98.14691140681064,sell
2025-05-23,131.2808837890625,132.67078673422913,129.15104195341007,129.99098000853303,198821300,114.78402893066406,11.138182097275712,131.49130207657763,98.0767557847505,hold
2025-05-27,135.49058532714844,135.65057787204648,133.300735049259,134.14067302338051,192953600,115.06060958862305,11.478935656486069,132.27901307335216,97.84220610389394,sell
2025-05-28,134.80064392089844,137.24047706552236,134.7806410364111,136.0205604932104,304021100,115.36618850708008,11.799023609166763,133.06472392083023,97.66765309332993,sell
2025-05-29,139.1803436279297,143.48004828952517,137.90043367160317,142.24012884407688,369241900,115.8413557434082,12.270299818748617,134.24680547153113,97.43590601528527,sell
2025-05-30,135.12062072753906,139.61029915281162,132.91076748843994,138.7103677567503,333170900,116.19353149414063,12.568303832367626,135.04598724269206,97.3410757455892,sell
2025-06-02,137.37046813964844,138.11040700485356,135.39059460313518,135.48059995132564,197663100,116.57050552368165,12.917388451273354,135.9465882005917,97.19442284677162,sell
2025-06-03,141.21018981933594,141.9901344074345,137.94041273370485,138.77035689954903,225578800,117.04087280273437,13.37899794123816,137.1093697145916,96.97237589087713,sell
2025-06-04,141.91014099121094,142.38010956756776,139.53030141372145,142.18012651028872,167120800,117.45104415893555,13.822441435784357,138.1847063126121,96.71738200525901,sell
2025-06-05,139.98028564453125,143.99000172763624,138.82036252431462,142.16012695808664,231397900,117.83701736450195,14.179329433676456,139.10601151501663,96.56802321398726,sell
2025-06-06,141.7101593017578,143.26005471165655,141.50016717206393,142.50009772583994,153986200,118.3961784362793,14.561076941972965,140.23779384923876,96.55456302331984,sell
2025-06-09,142.62010192871094,144.98993249459744,141.9301473949137,143.18006060607402,185114500,119.0201351928711,14.920141167380194,141.40034694394137,96.6399234418008,sell
2025-06-10,143.95001220703125,144.279975869788,141.52017297716907,142.68009610535242,155881900,119.70588775634765,15.265232233861346,142.60373610713967,96.80803940555563,sell
2025-06-11,142.8300018310547,144.99000549316406,141.8699951171875,144.61000061035156,167694000,120.39503829956055,15.51883018059639,143.67328357045514,97.11679302866597,hold
2025-06-12,145.0,145.0,141.85000610351562,141.97000122070312,162365000,121.09219131469726,15.828710552252508,144.83525714307603,97.3491254863185,sell
2025-06-13,141.97000122070312,143.5800018310547,140.85000610351562,142.47999572753906,180820600,121.7233447265625,16.022154050391375,145.75657580214957,97.69011365097543,hold
2025-06-16,144.69000244140625,146.17999267578125,143.1999969482422,143.35000610351562,183133700,122.58128616333008,16.08155514888078,146.70361888665124,98.45895344000891,hold
2025-06-17,144.1199951171875,145.22000122070312,143.77999877929688,144.49000549316406,139108000,123.57761703491211,15.835152497503996,147.3303457811681,99.82488828865611,hold
2025-06-18,145.47999572753906,145.64999389648438,143.1199951171875,144.00999450683594,161494100,124.5345526123047,15.680266217041906,148.05495193786754,101.01415328674183,hold
2025-06-20,143.85000610351562,146.1999969482422,142.64999389648438,145.4499969482422,242956200,125.48568634033204,15.371556971107285,148.54302179699297,102.4283508836711,hold
2025-06-23,144.1699981689453,144.77999877929688,142.02999877929688,142.5,154308900,126.08264511108399,15.50813636390771,149.34484965694554,102.82044056522243,hold
2025-06-24,147.89999389648438,147.9600067138672,145.5,145.55999755859375,187566100,126.8893943786621,15.57409690442107,150.2505397352937,103.5282490220305,hold
2025-06-25,154.30999755859375,154.4499969482422,149.25999450683594,149.27000427246094,269146500,127.7571484375,15.872170211319569,151.56540375447935,103.94889312052065,sell
2025-06-26,155.02000427246094,156.72000122070312,154.0,155.97999572753906,198145700,128.64350234985352,16.13557241384824,152.84686097062587,104.44014372908116,sell
2025-06-27,157.75,158.7100067138672,155.25999450683594,156.0399932861328,263234500,129.554658203125,16.470450353430472,154.2603337332707,104.84898267297929,sell
2025-06-30,157.99000549316406,158.66000366210938,155.9600067138672,158.39999389648438,194580300,130.62480346679686,16.546297737486352,155.44425007302638,105.80535686056734,sell
2025-07-01,153.3000030517578,157.1999969482422,151.49000549316406,156.2899932861328,213143600,131.66114456176757,16.304772859908084,156.1183038516297,107.20398527190545,hold
2025-07-02,157.25,157.60000610351562,152.97000122070312,152.97999572753906,171224100,132.86807907104492,15.908078252748018,156.73019645016694,109.00596169192289,sell
2025-07-03,159.33999633789062,160.97999572753906,157.77000427246094,158.3699951171875,143716100,134.07721633911132,15.566162887070965,157.42646066971776,110.72797200850488,sell
2025-07-07,158.24000549316406,159.30999755859375,157.33999633789062,158.1999969482422,140139000,135.1879591369629,15.260171543693495,158.07821645250314,112.29770182142265,sell
2025-07-08,160.0,160.22000122070312,158.38999938964844,159.3300018310547,138133000,136.2595069885254,15.079077351052078,158.8781230151035,113.64089096194729,sell
2025-07-09,162.8800048828125,164.4199981689453,161.16000366210938,161.22000122070312,183656400,137.29706115722655,15.090508170519314,159.9328234130055,114.66129890144758,sell
2025-07-10,164.10000610351562,164.5,161.61000061035156,164.32000732421875,167704100,138.40461227416992,14.982305482656313,160.8780704981544,115.93115405018546,sell
2025-07-11,164.9199981689453,167.88999938964844,163.47000122070312,163.72000122070312,193633300,139.522763671875,14.829408511478508,161.76687643909275,117.27865090465724,sell
2025-07-14,164.07000732421875,165.49000549316406,162.02000427246094,165.3699951171875,136975800,140.6259150695801,14.554881663541163,162.45823756489182,118.79359257426835,sell
2025-07-15,170.6999969482422,172.39999389648438,169.1999969482422,171.19000244140625,230627400,141.80787002563477,14.549430715428631,163.6320160987777,119.98372395249183,sell
2025-07-16,171.3699951171875,171.75,168.89999389648438,171.05999755859375,158511200,142.94542892456056,14.593592377937076,164.83581749146617,121.05504035765495,sell
