date,close,high,low,open,volume,short_ma,long_ma,signal
2023-03-29,17.55662727355957,17.757945308238206,17.271426324448125,17.405638347567216,1059900,18.4873477935791,18.089629888534546,hold
2023-03-30,17.355310440063477,17.699228973100862,17.279815971842233,17.699228973100862,817600,18.449367713928222,18.12710598309835,hold
2023-03-31,17.71600341796875,17.741167170593755,17.35530803096524,17.405637136148652,905200,18.424229049682616,18.171821117401123,hold
2023-04-03,17.355310440063477,17.623734504879618,17.20432150362099,17.606957600845202,1142400,18.412981669108074,18.209433619181315,hold
2023-04-04,17.632122039794922,17.900546090649488,17.34692108577856,17.52307376917679,895600,18.399777348836263,18.23597459793091,hold
2023-04-05,17.346920013427734,17.464355128433624,17.27981400486245,17.44757822630894,1197600,18.35251579284668,18.25367046991984,hold
2023-04-06,17.33014488220215,17.472745364966844,17.044943916672757,17.288204222538138,890400,18.264595858256023,18.260857391357423,hold
2023-04-10,17.799882888793945,17.908931138687763,17.338529339058315,17.37208153907186,696500,18.187423833211263,18.278737449645995,sell
2023-04-11,18.04314613342285,18.22768726396073,17.799885843231852,17.816662745989888,926100,18.118640200297037,18.29276123046875,hold
2023-04-12,18.135419845581055,18.336737904929734,18.017983111010707,18.252854980217688,944200,18.037833340962727,18.31132354736328,hold
2023-04-13,18.504497528076172,18.65548643482209,18.202521314517647,18.227685065686423,673600,17.982470703125,18.320352045694985,hold
2023-04-14,18.605161666870117,18.747762156469346,18.429007367984628,18.65549078086582,792300,17.955628395080566,18.334058952331542,hold
2023-04-17,18.630321502685547,18.898747120677697,18.336733732892075,18.781310412826958,738600,17.913127835591634,18.346684837341307,hold
2023-04-18,18.663877487182617,18.80647796344158,18.504500107850006,18.630323681035314,719300,17.894394048055013,18.351550134023032,hold
2023-04-19,17.741167068481445,18.596769851341936,17.447577690056757,18.56321604812385,1298500,17.852732213338218,18.349083964029948,hold
2023-04-20,17.690839767456055,17.90893471081176,17.598568399131146,17.648899109090312,574100,17.795971616109213,18.351098346710206,hold
2023-04-21,17.380474090576172,17.69084041359254,17.263038962916063,17.69084041359254,491100,17.7699680964152,18.337846978505453,hold
2023-04-24,17.774721145629883,17.841827153166847,17.330142845739093,17.346919747606687,775900,17.756267166137697,18.332530307769776,hold
2023-04-25,17.455968856811523,18.009593896580565,17.246262353870712,17.69922916819101,954700,17.740329551696778,18.304442977905275,hold
2023-04-26,17.346920013427734,17.825050524447082,17.31336620917837,17.674061605191824,999300,17.689440790812174,18.284631125132243,hold
2023-04-27,17.934097290039062,17.950874192258837,17.53146123636525,17.598567245310885,527100,17.69671058654785,18.273650868733725,hold
2023-04-28,17.707616806030273,17.783111271612103,17.472744957560845,17.766334368164237,769000,17.689161237080892,18.26107816696167,hold
2023-05-01,17.112049102783203,17.749557018368616,17.112049102783203,17.749557018368616,972800,17.68748359680176,18.244444179534913,hold
2023-05-02,16.26483726501465,17.145605613620774,16.097073008089996,17.044945779518955,2057100,17.661759694417317,18.21300802230835,hold
2023-05-03,15.962859153747559,16.566813290120145,15.954470701861794,16.46615346742458,1127600,17.609752559661864,18.174629386266073,hold
2023-05-04,15.216301918029785,15.811869162636109,15.132420604646876,15.77831535733615,1783600,17.54739990234375,18.118352540334065,hold
2023-05-05,15.778312683105469,16.055125130179835,15.52666558574085,15.52666558574085,1098400,17.483089764912922,18.066395982106528,hold
2023-05-08,16.164173126220703,16.26483132361921,15.853806884386701,15.937689782174258,661300,17.426049550374348,18.01937017440796,hold
2023-05-09,16.415822982788086,16.583588806601817,15.912527111280367,16.105458288646197,765700,17.393614959716796,17.980493863423664,hold
2023-05-10,15.895751953125,16.52487139823654,15.719597676528355,16.52487139823654,2611900,17.3505552927653,17.93417714436849,hold
2023-05-11,15.64410400390625,15.937693413081302,15.484726621794039,15.853810496183634,1149200,17.286804517110188,17.887076155344644,hold
2023-05-12,15.635714530944824,15.862197911795235,15.451173405770485,15.644102982080039,811900,17.229484653472902,17.83942618370056,hold
2023-05-15,15.367292404174805,15.518281343506414,15.056927673267525,15.518281343506414,1458800,17.151194286346435,17.787711668014527,hold
2023-05-16,15.258243560791016,15.5434444946326,15.241466658815998,15.36729022376177,1096500,17.081292057037352,17.747136863072715,hold
2023-05-17,15.870589256286621,16.524874164714443,15.576999812763864,15.853812350957606,2187300,17.022574297587077,17.71117582321167,hold
2023-05-18,15.90414047241211,15.929305828831865,15.392457691346321,15.862199811646171,1160200,16.97448164621989,17.663498719533283,hold
2023-05-19,15.853809356689453,16.0131867273464,15.686045134885754,15.937692267558027,1230800,16.92527046203613,17.594933160146077,hold
2023-05-22,15.610550880432129,15.845421114033382,15.400844400469024,15.719597546042214,1578300,16.85229272842407,17.51985828081767,hold
2023-05-23,15.275017738342285,15.711207557981488,15.199524884879072,15.58538400229838,1245600,16.760021781921388,17.439330991109212,hold
2023-05-24,15.157586097717285,15.283409682160876,14.847221362752007,15.115645436213981,1655300,16.660760656992593,17.34929699897766,hold
2023-05-25,14.763337135314941,15.065313391310031,14.570407549553225,15.00659583042025,1482400,16.53605531056722,17.25926300684611,hold
2023-05-26,14.93110179901123,14.973044057957294,14.629125534267502,14.838832029197063,957600,16.41358664830526,17.18460752169291,hold
2023-05-30,14.863995552062988,14.964655372024989,14.637513757032215,14.9394900170511,1284100,16.28804244995117,17.100585142771404,hold
2023-05-31,14.369089126586914,14.72139612163121,14.30198310848008,14.72139612163121,1183800,16.144882837931316,17.019638442993163,hold
2023-06-01,14.889158248901367,14.964652700411586,14.562016692312605,14.595568893020882,928500,16.049815877278647,16.95127404530843,hold
2023-06-02,15.635714530944824,15.686045237756112,15.308572936338757,15.308572936338757,1286100,15.981311702728272,16.88864165941874,hold
2023-06-05,15.761540412902832,15.962858449478361,15.442785655041426,15.786704167516314,1257900,15.927347246805827,16.848657671610514,hold
2023-06-06,15.821371078491211,15.932487498639688,15.599136607893332,15.599136607893332,866300,15.862235577901204,16.80925137201945,hold
2023-06-07,15.505112648010254,15.889749514373566,15.419639237974668,15.718799433700806,1539100,15.797207037607828,16.768768294652304,hold
2023-06-08,15.633328437805176,15.898299636494793,15.419641619116538,15.599137764270491,883400,15.74008731842041,16.714764054616293,hold
2023-06-09,15.488020896911621,15.693160041402379,15.385450509515744,15.624780326572125,687100,15.658551438649495,16.677631012598674,hold
2023-06-12,15.351259231567383,15.385449902784686,15.069192715228366,15.385449902784686,1137200,15.580006186167399,16.634583711624146,hold
2023-06-13,15.240144729614258,15.513663612587973,15.205955684393114,15.49656827482683,909900,15.517609373728435,16.602546485265098,hold
2023-06-14,15.66751480102539,15.804274211168595,15.368352979974341,15.385448313817434,926900,15.497698624928793,16.579729159673054,hold
2023-06-15,15.864109992980957,15.87265766191961,15.488022341487188,15.641875491479466,763200,15.494406986236573,16.55207977294922,hold
2023-06-16,15.735896110534668,15.847014161543639,15.693159401870254,15.829918825957499,532200,15.511726792653402,16.529563347498577,hold
2023-06-20,15.573495864868164,15.573495864868166,15.265787932713375,15.530759150216465,626900,15.504899565378825,16.493994665145873,hold
2023-06-21,15.539306640625,15.770088809814752,15.488022257572103,15.539306640625,433700,15.484070682525635,16.455060116449992,hold
2023-06-22,15.710254669189453,15.932489163002717,15.539306187233855,15.556401524519742,560900,15.460551738739014,16.427083349227907,hold
2023-06-23,15.411091804504395,15.616230926240624,15.402544137311116,15.44528084297669,408200,15.44439640045166,16.39747584660848,hold
2023-06-26,15.14612102508545,15.411093852385157,15.052099934067167,15.411093852385157,782100,15.4277969678243,16.357300742467245,hold
2023-06-27,14.923887252807617,15.257239812373848,14.87260287068247,15.154669417822443,1078500,15.404069391886393,16.31677702267965,hold
2023-06-28,14.744390487670898,15.000814017944755,14.513608332243798,14.92388663280239,1346600,15.383305994669596,16.267250140508015,hold
2023-06-29,14.940979957580566,15.000811997900609,14.624724421517248,14.701651796300396,608800,15.372730541229249,16.227011299133302,hold
2023-06-30,15.1290283203125,15.214501748660242,14.898246151050856,15.069194638047481,821600,15.348011843363444,16.18529307047526,hold
2023-07-03,15.026455879211426,15.325617728624751,14.932433164461287,15.197405973247875,634000,15.318755690256754,16.14661866823832,hold
2023-07-05,14.821316719055176,15.017908185648304,14.581986913875985,14.77003234305282,1418400,15.28433926900228,16.104804865519206,hold
2023-07-06,14.804222106933594,14.85550648544163,14.51360791155306,14.693105681782683,900200,15.257461643218994,16.054877185821532,hold
2023-07-07,14.710200309753418,14.94953014162657,14.701654271383932,14.752938653106357,1274200,15.238634395599366,15.999328088760375,hold
2023-07-10,14.573439598083496,14.81276940904211,14.54779822461358,14.710199024259573,948700,15.219162845611573,15.939961751302084,hold
2023-07-11,14.710200309753418,14.975173147638332,14.650368259360405,14.650368259360405,1565100,15.217391618092854,15.876723464330038,hold
2023-07-12,15.188857078552246,15.445280568591976,14.770031175326931,14.82131554727472,1897900,15.225983460744223,15.81978505452474,hold
2023-07-13,15.496565818786621,15.633326868899452,15.171762604308462,15.240142314214436,1309300,15.247069136301677,15.767555793126425,hold
2023-07-14,15.205953598022461,15.539304487120797,15.060646507592255,15.539304487120797,1147300,15.274964618682862,15.709923728307087,hold
2023-07-17,15.043550491333008,15.086287197636741,14.761483990946175,15.077739530315826,634100,15.280111026763915,15.664963452021281,hold
2023-07-18,14.633275032043457,15.197408140387427,14.599084356240233,15.043553359875226,1623600,15.246696376800537,15.614004039764405,hold
2023-07-19,14.727295875549316,14.778581888368407,14.539252052782691,14.624727110513385,1088300,15.212221558888753,15.56978440284729,hold
2023-07-20,14.735844612121582,14.804224337200752,14.547800775729177,14.761487620389238,999900,15.176037343343099,15.519136460622152,hold
2023-07-21,14.581986427307129,14.770031850209302,14.163160504944535,14.73584118048132,1704900,15.145266469319662,15.471236753463746,hold
2023-07-24,14.573439598083496,14.693105318713283,14.402491130513878,14.556345892537205,1123100,15.109936841328938,15.425012079874675,hold
2023-07-25,14.864055633544922,15.111933143232664,14.650368799800797,14.684559475744415,1083300,15.089137999216716,15.373844718933105,hold
2023-07-26,15.026455879211426,15.052098882407169,14.829864412280154,14.949528499925115,668600,15.078311220804851,15.329158703486124,hold
2023-07-27,14.872604370117188,15.205956963291552,14.864056700517715,15.05210217110358,797900,15.066059875488282,15.291834624608358,hold
2023-07-28,15.530757904052734,15.547853240662176,14.87260211729852,14.958077170044696,1040700,15.06150131225586,15.279599968592326,hold
2023-07-31,15.453829765319824,15.693159575267376,15.325618007609009,15.65896890371732,830500,15.047825304667155,15.271116145451863,hold
2023-08-01,15.240144729614258,15.342715125879971,15.08628995036626,15.317072119238258,624300,15.031300258636474,15.271513525644938,hold
2023-08-02,14.778581619262695,15.017909820189315,14.701654231735967,15.00936215154178,726100,15.004803117116293,15.254851341247559,hold
2023-08-03,15.043550491333008,15.163214573224135,14.787125362608078,14.82131603189174,814600,14.988277912139893,15.236174297332763,hold
2023-08-04,15.62477970123291,16.035057973794153,15.060646668885967,15.060646668885967,1666500,14.985428746541341,15.222990242640178,hold
2023-08-07,15.847016334533691,15.906848386988594,15.282881594941804,15.62478183234323,1102400,14.999959564208984,15.222177982330322,hold
2023-08-08,15.573495864868164,15.641875586491581,15.342715323327361,15.564948195877593,859900,15.014205392201742,15.22100118001302,hold
2023-08-09,15.821371078491211,15.906846125690537,15.667516319592607,15.770086702291984,939300,15.044121519724529,15.224095455805461,hold
2023-08-10,16.111988067626953,16.163272452760335,15.906848896792223,15.949585612686505,959800,15.089708105723064,15.23650705019633,hold
2023-08-11,15.915393829345703,16.120532964906324,15.847014117492161,15.975225873429935,717500,15.122188568115234,15.247459554672242,hold
2023-08-14,15.735896110534668,15.795728154785222,15.5307569744038,15.78718048699215,922400,15.142417494455973,15.245214668909709,hold
2023-08-15,15.684612274169922,15.778633362529396,15.582041887422056,15.59058955550946,877500,15.16435604095459,15.241555865605672,hold
2023-08-16,15.718803405761719,16.043608315056336,15.684614359168247,15.829921475368216,1102400,15.194272263844807,15.239305766423543,hold
2023-08-17,15.770089149475098,15.872657917790045,15.718803135016445,15.812825864556128,702200,15.226467831929524,15.241964737574259,hold
2023-08-18,15.693161010742188,15.847015786188852,15.33416707813367,15.599138285680091,1137000,15.25923318862915,15.248933792114258,buy
2023-08-21,15.291218757629395,15.640731995910237,15.151413462317059,15.605781505387442,1173500,15.283159160614014,15.251161003112793,hold
2023-08-22,15.19510269165039,15.352384072770077,15.142676120147382,15.291219461581457,685900,15.299322573343913,15.258357095718384,hold
2023-08-23,15.13393783569336,15.195102445892736,14.766948507886472,15.064035185949697,825900,15.297491931915284,15.261737696329753,hold
2023-08-24,14.898015022277832,15.13393707833527,14.898015022277832,15.098986588517807,639100,15.277540238698323,15.2623046875,hold
2023-08-25,14.77568531036377,14.959180792209708,14.731996782910707,14.880540109505805,738500,15.263197962443034,15.269081290562948,sell
2023-08-28,14.92423152923584,15.002872227180104,14.77568817385343,14.845590831291576,746000,15.259220663706461,15.269665845235188,hold
2023-08-29,15.299958229064941,15.361122843163079,15.055298106061658,15.055298106061658,805800,15.281443436940512,15.264069906870525,buy
2023-08-30,15.177629470825195,15.299958702809242,15.125201228594213,15.195103884958067,551800,15.29645455678304,15.254338057835897,hold
2023-08-31,15.36985969543457,15.492188914176866,15.186364200710514,15.308695086063421,694300,15.317588392893473,15.246812868118287,hold
2023-09-01,15.396072387695312,15.535877672340476,15.317431706756102,15.509663556490587,516400,15.34472459157308,15.24499553044637,hold
2023-09-05,15.221318244934082,15.527142996304145,15.133939506455377,15.34364747883778,746600,15.3663205464681,15.238128693898519,hold
2023-09-06,15.387336730957031,15.518403997274083,15.308696037844657,15.308696037844657,773900,15.38376324971517,15.236450624465942,hold
2023-09-07,15.221318244934082,15.535881036813096,15.186366082898274,15.413550136298582,753000,15.390258661905925,15.234284941355387,hold
2023-09-08,15.413549423217773,15.527142277968162,15.142676846414965,15.168890966729071,519200,15.408290163675945,15.237175019582113,hold
2023-09-11,15.326173782348633,15.518405682717775,15.308697700512104,15.46597910381908,712900,15.401470692952474,15.231486002604166,hold
2023-09-12,15.064037322998047,15.37860012477506,14.959184166812955,15.247532846238261,886000,15.388477611541749,15.218151458104451,hold
2023-09-13,15.23879337310791,15.308696026197872,15.107726106890572,15.107726106890572,691200,15.38843256632487,15.209866412480672,hold
2023-09-14,15.85917854309082,15.990245803788634,15.448500681808166,15.457238721402772,1264000,15.424452463785807,15.21462779045105,hold
2023-09-15,15.763062477111816,16.07762355023405,15.719372281809742,15.8591775735553,859600,15.448436196645101,15.218357054392497,hold
2023-09-18,15.58830738067627,15.70189857237622,15.343647249908422,15.693160531997641,792400,15.447220452626546,15.216324599583944,hold
2023-09-19,15.832965850830078,16.13878889895066,15.789275653519553,15.815489771905868,733100,15.446752103169759,15.223355833689372,hold
2023-09-20,15.675683975219727,15.86791583744088,15.666945936035507,15.79801319057768,675400,15.450158373514812,15.232181882858276,hold
2023-09-21,15.439762115478516,15.65820809805936,15.422286036885508,15.553353293111899,598000,15.437438074747721,15.240779797236124,hold
2023-09-22,16.14752769470215,16.38344977139683,15.684423247794843,15.81549051264388,1396700,15.438622728983562,15.264165417353313,hold
2023-09-25,16.331024169921875,16.34849858409304,15.972772846945706,16.103840119588803,770400,15.452477073669433,15.287332820892335,hold
2023-09-26,16.331024169921875,16.453353402173992,16.208693271058962,16.22616935184092,789200,15.472314675649008,15.30736608505249,hold
2023-09-27,16.750438690185547,16.82034134078151,16.43587592919838,16.453352008500033,1134600,15.507842222849527,15.336099131902058,hold
2023-09-28,16.741701126098633,16.78538965898313,16.400925903089593,16.59315778103636,877100,15.541938813527425,15.368105538686116,hold
2023-09-29,16.846555709838867,16.995099052886907,16.76791501842457,16.776653058205124,708800,15.577821032206218,15.402144432067871,hold
2023-10-02,16.776653289794922,17.204807245288297,16.706750637196222,17.082476353282544,973700,15.613937441507975,15.436585315068562,hold
2023-10-03,16.628110885620117,16.820342774491564,16.51451802708774,16.663061380591838,933300,15.658500512441,15.470829836527507,hold
2023-10-04,16.46209144592285,16.610634799378207,16.19995690058319,16.497041940883104,866900,15.700733470916749,15.50002802213033,hold
2023-10-05,17.099952697753906,17.161117311398122,16.47082881462818,16.4795668546646,1050100,15.7662672996521,15.53187961578369,hold
2023-10-06,17.318397521972656,17.64169831490762,17.161116145226487,17.231018794156938,1582400,15.846946716308594,15.56224347750346,hold
2023-10-09,17.196067810058594,17.36208722148832,17.065000555397468,17.28344653536953,755100,15.927626132965088,15.59541204770406,hold
2023-10-10,17.161115646362305,17.475678390710474,17.073738587697203,17.431989861377925,826900,16.002188936869302,15.630704800287882,hold
2023-10-11,17.335874557495117,17.370825050583694,16.977623253631023,17.09121443943227,894200,16.070052814483642,15.675748125712078,hold
2023-10-12,17.12616729736328,17.53684519090888,17.073740722287642,17.475680575552172,883300,16.135004075368247,15.715729316075643,hold
2023-10-13,17.22228240966797,17.30092310559793,17.021312483007296,17.22228240966797,564100,16.196751499176024,15.757169946034749,hold
2023-10-16,17.073741912841797,17.335876473109447,16.890246387365732,17.327138432219073,599700,16.252673816680907,15.798699204126994,hold
2023-10-17,17.458202362060547,17.519366969944564,17.07373863632943,17.07373863632943,1010000,16.327236620585122,15.84677858352661,hold
2023-10-18,17.134904861450195,17.42325351626891,17.117428781373732,17.362088902612022,519600,16.38548889160156,15.884626070658365,hold
2023-10-19,17.143640518188477,17.31839629482646,16.94266895846958,17.03878571891729,1123700,16.449566300710043,15.919912481307984,hold
2023-10-20,16.890243530273438,17.204806282673037,16.785388723936705,17.143641673397692,695300,16.498789437611897,15.95353980064392,hold
2023-10-23,16.357234954833984,16.689273789355447,16.29607034495125,16.689273789355447,1024400,16.53315814336141,15.967314418156942,hold
2023-10-24,16.750438690185547,16.88150595172665,16.427137889547552,16.51451661944517,915500,16.58937152226766,15.988924566904704,hold
2023-10-25,16.44461441040039,16.663060407704563,16.24364449286712,16.636847954658908,1172300,16.629565556844074,16.008999061584472,hold
2023-10-26,16.269859313964844,16.374712463889384,16.016461146194132,16.26112127370267,805600,16.64325491587321,16.03385368982951,hold
2023-10-27,16.14752769470215,16.400925851139554,16.086363082213314,16.31354711903663,676100,16.65607042312622,16.05225330988566,hold
2023-10-30,16.20869255065918,16.339761484087678,16.05141283044428,16.226168630664407,728300,16.67674992879232,16.061985190709432,hold
2023-10-31,16.31354522705078,16.654320409458542,16.226166505081725,16.27859307161896,740200,16.692769241333007,16.069760672251384,hold
2023-11-01,16.086362838745117,16.278594713173547,15.91160537718424,16.269858340045108,569800,16.706458536783853,16.078308455149333,hold
2023-11-02,16.470829010009766,16.49704146381924,16.12131573746056,16.22616888591995,703000,16.74082743326823,16.089132754007974,hold
2023-11-03,16.41840171813965,16.58441947371225,16.243644256198237,16.57568143395411,588400,16.749856567382814,16.094239648183187,hold
2023-11-06,16.540729522705078,16.610632168163416,16.409662270797014,16.505777366670646,429900,16.756846745808918,16.104661909739175,hold
2023-11-07,15.972771644592285,16.348497353456793,15.955295565125843,16.348497353456793,694800,16.7449049949646,16.108609835306805,hold
2023-11-08,15.701896667480469,16.016459416504578,15.649470098179979,16.016459416504578,866800,16.709953594207764,16.108897908528647,hold
2023-11-09,16.19121742248535,16.34849713575696,15.972771431895692,15.972771431895692,944900,16.691604137420654,16.11677147547404,hold
2023-11-10,16.077625274658203,16.3222853947595,15.981510167905784,16.226168621396365,746700,16.665973122914632,16.121897077560426,hold
2023-11-13,16.182479858398438,16.234906431029554,15.894131209011249,16.086363086399142,656200,16.646167341868082,16.13005239168803,hold
2023-11-14,16.549467086791992,16.60189365272862,15.658207132816887,16.191215830772478,1617200,16.643545881907144,16.151023197174073,hold
2023-11-15,16.42713737487793,16.70674963511206,16.400924923357348,16.60189482919794,743200,16.64238074620565,16.1715571085612,hold
2023-11-16,16.497041702270508,16.61937259938898,16.278595695443453,16.42713904675028,893400,16.622283713022867,16.194275506337483,hold
2023-11-17,16.61063575744629,16.829081780032467,16.558209178676655,16.61063575744629,729300,16.59869165420532,16.22281918525696,hold
2023-11-20,16.654319763183594,16.732960443243023,16.58441712164304,16.715484366205274,519900,16.580633385976157,16.254129759470622,hold
2023-11-21,17.108692169189453,17.222283365945074,16.628111593253635,16.706752293550167,1008300,16.57888593673706,16.29053743680318,hold
2023-11-22,17.15237808227539,17.204806318859333,16.9339320963408,17.047524942328728,556100,16.57276938756307,16.321411101023354,hold
2023-11-24,17.685386657714844,17.956259211117708,17.405776064962133,17.475678713150312,986600,16.591410032908122,16.363207054138183,hold
2023-11-27,17.501893997192383,17.772766568641032,17.3446126116381,17.68538783593191,952400,16.600730419158936,16.39874095916748,hold
2023-11-28,17.475677490234375,17.53684209479252,17.37082269198436,17.510629645187873,1155400,16.61412827173869,16.4334010442098,hold
2023-11-29,17.73781394958496,17.921309450183497,17.554320115597086,17.624222766632087,1410600,16.623448657989503,16.475342639287312,hold
2023-11-30,18.57664680480957,18.585384844221853,17.79897962983303,17.833930120871557,2004800,16.671506722768147,16.528497807184856,hold
2023-12-01,19.1358699798584,19.301889412696827,18.61159922699705,18.655289428591782,2031200,16.73791437149048,16.59374033610026,hold
2023-12-04,19.162349700927734,19.23296338715681,18.588626968500026,18.98582053592387,2228400,16.813651243845623,16.65622034072876,hold
2023-12-05,18.067861557006836,18.562147224996814,17.970771112259698,18.562147224996814,1765400,16.870672130584715,16.701915136973064,hold
2023-12-06,17.750106811523438,18.09434005928999,17.732453392786006,18.04138148660037,1137300,16.90399440129598,16.74668296178182,hold
2023-12-07,17.661842346191406,17.688322475714127,17.388221075214346,17.635362216668685,1015800,16.94456866582235,16.78706711133321,hold
2023-12-08,17.714797973632812,18.02372603256196,17.688319532039376,17.83836852379548,598700,16.99273328781128,16.817994101842245,hold
2023-12-11,17.608882904052734,17.820718879240765,17.53827091232339,17.65301476756257,672000,17.041445128122966,16.848757775624595,hold
2023-12-12,17.908985137939453,18.0678608642127,17.423526198726897,17.564750188873848,2324500,17.098121547698973,16.887435738245646,hold
2023-12-13,17.51179313659668,17.882506563857163,17.16755984111298,17.820721273234234,1366800,17.138063144683837,16.915416193008422,hold
2023-12-14,17.908985137939453,18.0502091280864,17.65301560359638,17.785412883918802,1380100,17.198817221323647,16.95263787905375,hold
2023-12-15,18.694543838500977,18.694543838500977,18.014902332083665,18.067860907635357,1829500,17.272941048940023,17.006884241104125,hold
2023-12-18,18.72102165222168,19.321224433278502,18.60627779514797,19.100561745156007,1448300,17.349695046742756,17.049775807062783,hold
2023-12-19,18.55331802368164,18.729847152670235,18.465052617426046,18.57097144163728,975900,17.41678133010864,17.08681403795878,hold
2023-12-20,18.41209602355957,18.950511860822935,18.41209602355957,18.623932011199337,1012900,17.498092142740884,17.121498568852743,hold
2023-12-21,18.641584396362305,18.721021414235693,18.518012147789147,18.65040942227504,752800,17.596081733703613,17.153017663955687,hold
2023-12-22,18.800458908081055,19.038774996962264,18.747500338392758,18.773980464998196,809100,17.683056449890138,17.187330293655396,hold
2023-12-26,18.34148406982422,18.526839928113876,18.2885238101505,18.31500393998736,871500,17.758518409729003,17.212245766321818,hold
2023-12-27,18.394441604614258,18.570972426487177,18.332656322015545,18.403268314060174,647100,17.8322504679362,17.23920890490214,hold
2023-12-28,18.712196350097656,18.924032325546882,18.403268254579867,18.403268254579867,1082500,17.90434144337972,17.273943662643433,hold
2023-12-29,18.765153884887695,18.879897733920092,18.56214463008745,18.641583326926256,911800,17.98227532704671,17.31232803662618,hold
2024-01-02,18.456228256225586,19.127043072169396,18.429748125923645,18.932860500523613,1478900,18.047581545511882,17.334932629267374,hold
2024-01-03,19.118215560913086,19.197654264967184,18.38561548848743,18.429747353618488,1228500,18.131167538960774,17.36492959658305,hold
2024-01-04,19.471277236938477,19.727246790968458,19.18882923492118,19.20648265592798,2199400,18.22506612141927,17.402849753697712,hold
2024-01-05,19.162349700927734,19.43597268449658,19.021125695515465,19.409492552160675,1009600,18.293521372477212,17.436203654607137,hold
2024-01-08,18.66806411743164,18.818114821046933,18.235565426663516,18.773982954375352,1473600,18.344044240315757,17.458406813939412,hold
2024-01-09,18.182605743408203,18.491533841877125,17.99724821091777,18.412095139884467,1072600,18.36061820983887,17.476014121373495,hold
2024-01-10,18.465051651000977,18.73867288090218,18.27969413921322,18.3326543903083,1137500,18.39272346496582,17.496726942062377,hold
2024-01-11,18.094341278076172,18.4032693926991,17.988422442039845,18.4032693926991,1371600,18.413345591227213,17.51373693148295,hold
2024-01-12,18.076690673828125,18.6680668652987,18.059037251151857,18.30618011805046,1276400,18.42464148203532,17.52404507001241,hold
2024-01-16,18.447402954101562,18.659238962116778,18.182608364963283,18.526841667547636,1167000,18.420333353678384,17.545920038223265,hold
2024-01-17,18.526838302612305,18.588623583287962,18.217910215711385,18.26204376156731,913400,18.40003229777018,17.568973334630332,hold
2024-01-18,18.826940536499023,18.976991232187462,18.54449256426731,18.712196679100906,780100,18.388851992289226,17.601251618067423,hold
2024-01-19,18.756328582763672,18.844593995151808,18.47388060993981,18.773982001945843,894700,18.411800893147788,17.64123651186625,hold
2024-01-22,18.61510467529297,18.897552649314612,18.500359133644974,18.650409830284314,935200,18.440634155273436,17.67231427828471,hold
2024-01-23,18.68571662902832,18.835767325348296,18.49153406818241,18.544492642318072,939000,18.474763298034667,17.709665981928506,hold
2024-01-24,19.08291244506836,19.321226899178633,18.924035019979563,18.924035019979563,1694000,18.520367113749185,17.756550200780232,hold
2024-01-25,18.915206909179688,18.99464561584394,18.588625372501895,18.95933877576081,983800,18.56391124725342,17.80267818768819,hold
2024-01-26,19.453624725341797,19.453624725341797,18.976992478261938,18.9858191884141,998200,18.615399233500163,17.856760390599568,hold
2024-01-29,19.05643081665039,19.418317508258845,18.924033533980456,19.312398672009227,769500,18.66688715616862,17.90247515042623,hold
2024-01-30,19.18882942199707,19.197656132586523,18.941686576061045,18.968166707829408,721000,18.709548632303875,17.95418292681376,hold
2024-01-31,19.18882942199707,19.39183871498582,19.18882942199707,19.31240000320363,890700,18.72602481842041,17.999482933680216,hold
2024-02-01,18.9063777923584,19.506580529182884,18.73867369035801,19.33004971828536,1535900,18.732203356424968,18.040949201583864,hold
2024-02-02,18.994646072387695,19.232962198108474,18.738676526201044,19.01229949285357,1032800,18.746914291381835,18.081847810745238,hold
2024-02-05,19.506582260131836,19.568367544371814,19.003471593008886,19.127042161488845,1349900,18.783397165934243,18.140744654337563,hold
2024-02-06,19.930253982543945,20.15091667131592,19.638979300705845,19.762549867690883,1353800,18.826352818806967,18.21121727625529,hold
2024-02-07,20.150917053222656,20.18622389218622,19.850815656123334,19.9390810700095,1075700,18.871368090311687,18.27721227010091,hold
2024-02-08,20.24801254272461,20.256839253932785,19.965564518155066,20.089135108023484,1131300,18.934919039408367,18.346718724568685,hold
2024-02-09,19.97438621520996,20.389233155205442,19.87729577515542,20.25683587620544,1669000,18.987583859761557,18.409917163848878,hold
2024-02-12,20.300968170166016,20.35392674618007,19.974386637113323,20.009693476804543,1348300,19.0405429204305,18.472442181905112,hold
2024-02-13,19.29474639892578,20.20387561589046,19.135868990731595,20.17739717020659,2939300,19.05819600423177,18.52023566563924,hold
2024-02-14,19.07408332824707,19.50658199558412,18.897552504078895,19.50658199558412,2289500,19.078791173299155,18.563186359405517,hold
2024-02-15,19.56836700439453,19.683110860027814,18.853420375239004,18.985817649745925,1726300,19.0937962214152,18.61248188018799,hold
2024-02-16,19.453624725341797,19.683112455206743,19.42714459488531,19.621327167664425,1027700,19.093207804361978,18.659136962890624,hold
2024-02-20,19.29474639892578,19.515409091745983,19.171174146151003,19.49775567227491,972400,19.09762102762858,18.695571200052896,hold
2024-02-21,19.992040634155273,20.018520764688205,19.39183781025808,19.40949123061337,1624200,19.141753578186034,18.742898909250894,hold
2024-02-22,20.309795379638672,20.609896790304393,20.292141959358847,20.318622089778582,2250000,19.212659899393717,18.78663905461629,hold
2024-02-23,21.033567428588867,21.05122084773791,20.477498193575716,20.52163005792561,2505500,19.29827709197998,18.8455002784729,hold
2024-02-26,20.433364868164062,20.97178237341271,20.318621009491476,20.97178237341271,1259300,19.37624454498291,18.89479506810506,hold
2024-02-27,20.689332962036133,20.95412749968489,20.565760718747114,20.62754768215293,904900,19.46333262125651,18.943987051645916,hold
2024-02-28,21.148311614990234,21.421934565488673,20.980609181033724,21.192445163549372,1604400,19.5533629099528,18.98684813181559,hold
2024-02-29,21.06887435913086,21.130659642900305,20.83938495975669,20.954128817682413,1073200,19.638097445170086,19.019064871470132,hold
2024-03-01,21.466066360473633,21.59846363867351,21.192445094390855,21.192445094390855,1584700,19.72606830596924,19.05746014912923,hold
2024-03-04,21.08652687072754,21.580812526116127,20.99826313839359,21.448413560569637,1627800,19.8037415822347,19.107771237691242,hold
2024-03-05,21.30718994140625,21.430762199176854,20.706987123306444,20.980610085602,1519200,19.89347775777181,19.167055956522624,hold
2024-03-06,21.280710220336914,21.492546199300765,20.86586328845034,21.08652597697802,1479900,19.979977544148763,19.227370421091717,hold
2024-03-07,21.695554733276367,21.74851330534149,21.192444089851065,21.4307601894281,1708800,20.067065620422362,19.293716367085775,hold
2024-03-08,21.96917724609375,22.207493359335743,21.792648101247003,21.978003955864498,1881400,20.16886463165283,19.366387939453126,hold
2024-03-11,21.65456199645996,21.816364725522707,21.582649862934353,21.744452591997096,1467900,20.242229207356772,19.428814220428468,hold
2024-03-12,22.17592430114746,22.23884720056881,21.4927582090349,21.717483829551384,2010000,20.346212323506673,19.506549739837645,hold
2024-03-13,21.780406951904297,22.202892220092668,21.76242849059406,22.175924528127315,1954200,20.432598241170247,19.57107343673706,hold
2024-03-14,21.348934173583984,21.663550388519837,21.303989734816195,21.663550388519837,1368300,20.50460173288981,19.61531327565511,hold
2024-03-15,21.25005531311035,21.357924371366163,21.01634044898985,21.259044544175044,1668600,20.582724316914877,19.657463836669923,hold
2024-03-18,21.726470947265625,21.879284422936895,21.25005206087396,21.492756118914254,1615400,20.673785146077474,19.710349718729656,hold
2024-03-19,21.21409797668457,21.753439784854248,21.08825046891543,21.654559967575707,2617400,20.730702336629232,19.757049751281738,hold
2024-03-20,21.47477912902832,21.52871451085262,20.58486590317185,21.052295591860208,1655200,20.78218650817871,19.80426966349284,hold
2024-03-21,22.0051326751709,22.328738122150614,21.600627580966698,21.65456125062317,1918300,20.843993695576987,19.857680892944337,hold
2024-03-22,22.17592430114746,22.25682566169503,21.780406728972732,21.89726501177274,1276000,20.908257420857748,19.921588230133057,hold
2024-03-25,21.91524314880371,22.346717670606026,21.91524314880371,22.068056649031075,1376100,20.97295265197754,19.980268255869547,hold
2024-03-26,21.402868270874023,21.780407393440342,21.277022468192076,21.57366022774272,1738000,21.009682655334473,20.025112787882488,hold
2024-03-27,21.63658332824707,21.645572559167164,21.27702266404572,21.47478060072634,1198200,21.08774388631185,20.07296994527181,hold
2024-03-28,21.456802368164062,21.879285905041225,21.447813137866202,21.636581830560136,1210500,21.16716785430908,20.12297951380412,hold
2024-04-01,21.187129974365234,21.55567983304418,21.061284182968613,21.402866351553865,1869800,21.221126619974772,20.157461420694986,hold
2024-04-02,21.277023315429688,21.46579202696926,20.74667067655107,21.007353237653,2345000,21.2819065729777,20.18755718866984,hold
2024-04-03,21.609617233276367,21.69950611295078,21.268033318239887,21.510737408209945,1509500,21.35906893412272,20.22834498087565,hold
2024-04-04,21.393878936767578,21.906254804900406,21.27702236548705,21.54669243122394,2494200,21.405796877543132,20.273775227864583,hold
2024-04-05,21.465789794921875,21.978165632652782,21.312976309532733,21.654560201353338,1968600,21.44433002471924,20.328494962056478,hold
2024-04-08,21.438823699951172,21.56466949386175,21.06128460369909,21.46578967606324,2637400,21.457838567097983,20.37805782953898,hold
2024-04-09,21.30398941040039,21.465790416212805,21.016339177297358,21.465790416212805,2472300,21.486859385172526,20.43155196507772,hold
2024-04-10,21.447813034057617,21.5377019075604,21.016338554450584,21.05229547546799,2329500,21.51214205423991,20.48773733774821,hold
2024-04-11,21.115219116210938,21.888275800101404,21.061285447306147,21.618604026536616,2435900,21.511038970947265,20.532200940450032,hold
2024-04-12,20.755659103393555,21.178142666076493,20.62981330057746,21.034318401566534,2043400,21.50059846242269,20.569347953796388,hold
2024-04-15,20.800601959228516,21.097239696507632,20.764646753099104,20.791612729066077,1586400,21.47841631571452,20.602242310841877,hold
2024-04-16,20.692733764648438,20.809590322853406,20.51295259792666,20.674755305072207,1283800,21.465289878845216,20.634515730539956,hold
2024-04-17,20.7646484375,21.0882521769964,20.7376807448251,20.998363297121028,1835800,21.44720516204834,20.670341459910073,hold
2024-04-18,21.115219116210938,21.133197577352675,20.557900536980473,20.773636927120048,1380900,21.441688791910806,20.710833168029787,hold
2024-04-19,20.701723098754883,21.241063172597475,20.62082174477444,21.079262179156867,1127300,21.40856107076009,20.737813345591228,hold
2024-04-22,21.0612850189209,21.11521868672868,20.62082301702985,20.656778224061572,1125200,21.378297996520995,20.773581314086915,hold
2024-04-23,21.519725799560547,21.6006271597278,21.061285330119585,21.10622976820343,1040200,21.373803456624348,20.80801633199056,hold
2024-04-24,21.54669189453125,21.71748384632138,21.46579053392121,21.519725917341518,1228700,21.352829043070475,20.849520683288574,hold
2024-04-25,21.951200485229492,21.969178947833715,21.402869377444677,21.456804765257342,1013700,21.358522160847983,20.895560201009115,hold
2024-04-26,22.21187973022461,22.445594583633213,22.032100260732143,22.05007872203752,1315800,21.387287012736003,20.945944372812907,hold
2024-04-29,22.139965057373047,22.193900435096225,21.924228690041062,22.193900435096225,1175300,21.41695067087809,20.999837493896486,hold
2024-04-30,21.86130714416504,22.29277990541348,21.798384247464686,22.202891032710312,1262600,21.42144521077474,21.047615178426106,hold
2024-05-01,22.06805419921875,22.27480306329519,21.807373383369825,21.843328589391593,820400,21.449910418192545,21.09030637741089,hold
2024-05-02,22.31974983215332,22.46357410031256,21.942210699605187,22.337728294303353,1305400,21.47807610829671,21.13013130823771,hold
2024-05-03,22.310760498046875,22.463573996575438,22.14895776848481,22.3736834007609,1226500,21.48826370239258,21.16612869898478,hold
2024-05-06,22.472562789916992,22.481552020775414,21.825353598794752,21.987154610684957,1726400,21.49815165201823,21.203204536437987,hold
2024-05-07,23.793947219848633,23.85687183150759,22.670319158029784,22.670319158029784,3895500,21.56077512105306,21.2668638865153,hold
2024-05-08,23.416406631469727,23.847881082769735,23.32651776386413,23.74001204131467,1981500,21.62789306640625,21.318787860870362,hold
2024-05-09,23.47933578491211,23.85687493131911,23.389445185382712,23.488323301796527,1320600,21.689318148295083,21.388531017303468,hold
2024-05-10,23.074827194213867,23.820916199036844,23.002915062948535,23.623158266687298,2072900,21.743252309163413,21.455210081736247,hold
2024-05-13,23.10179328918457,23.29955120786164,22.83212152969366,23.13774849507116,1716200,21.80707441965739,21.51410051981608,hold
2024-05-14,22.895044326782227,22.993924142952917,22.58941736272766,22.895044326782227,1433500,21.86100845336914,21.57145751317342,hold
2024-05-15,22.751222610473633,22.823134744470572,22.571443132741535,22.78717953473236,1017200,21.899061965942384,21.629065450032552,hold
2024-05-16,23.254610061645508,23.281576041245177,22.877070916564968,22.966959801257964,1525100,21.961086336771647,21.683441607157388,hold
2024-05-17,23.416406631469727,23.452363550128165,23.200670263079846,23.236627181738285,833100,22.02610689798991,21.735218461354574,hold
2024-05-20,23.551246643066406,23.650124754112262,23.33550853009975,23.37146545376769,841500,22.09652099609375,21.777179781595866,hold
2024-05-21,23.623157501220703,24.036651813967694,23.551245372285557,23.560232888197106,1289400,22.173826599121092,21.83034299214681,hold
2024-05-22,22.984935760498047,23.371464094851547,22.66133032438435,23.09280481070941,1843900,22.225064023335776,21.868603038787843,hold
2024-05-23,23.45236587524414,24.16249794394976,23.317530845947672,23.84788344709814,1936100,22.30296891530355,21.907003943125407,hold
2024-05-24,24.26137924194336,24.629929144557604,23.811927973923986,23.838895667232535,2167900,22.41982625325521,21.960212357838948,hold
2024-05-28,24.23440933227539,24.611948431464622,24.009683718817996,24.441158199691667,1627900,22.534286499023438,22.006351407368978,hold
2024-05-29,24.225421905517578,24.692849880190774,24.14452054721406,24.360256931183315,1603400,22.65204277038574,22.05866632461548,hold
2024-05-30,24.47711181640625,24.56700239885452,24.009682159291444,24.351266029690823,1947800,22.775791549682616,22.11149835586548,hold
2024-05-31,24.3422794342041,24.620938726880745,24.180476711191712,24.531049849225365,1556400,22.883360226949055,22.162524509429932,hold
2024-06-03,24.13553237915039,24.54003747395063,23.982718886131515,24.51307149634288,2295500,22.997820536295574,22.203190803527832,hold
2024-06-04,23.83889389038086,24.32430033211094,23.83889389038086,24.018673355476285,2245300,23.09040749867757,22.234352747599285,hold
2024-06-05,24.081600189208984,24.24340120835935,23.838896088702604,23.93777420354107,1698600,23.175803311665852,22.274803384145102,hold
2024-06-06,23.6007080078125,24.08160059196117,23.526724669012854,24.05385617844808,2315200,23.244270515441894,22.298549779256184,hold
2024-06-07,23.656192779541016,23.76716865894206,23.434242784640684,23.582209447907573,2968500,23.301103591918945,22.329812876383464,hold
2024-06-10,23.304773330688477,23.656193729077565,23.184549309519852,23.637697454451338,1362400,23.337533378601073,22.362410195668538,hold
2024-06-11,22.814632415771484,22.999591632440563,22.453963883558774,22.694410159667854,1925800,23.36002229054769,22.388486480712892,hold
2024-06-12,23.193796157836914,23.38800350281552,23.018085086456605,23.02733322325575,1152700,23.40443859100342,22.412941900889077,hold
2024-06-13,22.990345001220703,23.388006108377112,22.851624697680982,23.35101355705934,1467300,23.435181617736816,22.44254601796468,hold
2024-06-14,21.982318878173828,22.685161413177187,21.945326330272813,22.66666513922668,1417200,23.423933919270834,22.451005013783774,hold
2024-06-17,22.019309997558594,22.269004407988337,21.908335879968792,22.019309997558594,961800,23.41421890258789,22.451241302490235,hold
2024-06-18,21.94532585144043,22.204268389392272,21.9083350682483,22.037805455273354,1577300,23.396644337972006,22.447397994995118,hold
2024-06-20,22.9071102142334,23.156804607837955,21.945325185786963,22.13953252433551,3206600,23.3670831044515,22.46392911275228,hold
2024-06-21,22.28750228881836,22.731402318979747,21.982320797594664,22.657418980619518,3127100,23.32945295969645,22.478673013051353,hold
2024-06-24,22.19502067565918,22.527946550242632,22.185772538709443,22.28750028125478,1771900,23.286642456054686,22.487980302174886,hold
2024-06-25,22.324491500854492,22.361484049375413,22.056302579685006,22.195021108834865,845800,23.26163126627604,22.502441787719725,hold
2024-06-26,22.685161590576172,22.77763943324835,22.407722770854285,22.407722770854285,1845300,23.247743542989095,22.52740898132324,hold
2024-06-27,22.592681884765625,22.89786335038797,22.389226398416213,22.749896686080273,1555600,23.237664794921876,22.549336624145507,hold
2024-06-28,22.54644203186035,22.66666605348611,22.45396418618126,22.58343458125346,1358100,23.230838775634766,22.564950370788573,hold
2024-07-01,23.101316452026367,23.18454791895046,22.879366461529358,22.9810942019703,1489000,23.22572898864746,22.593407662709556,hold
2024-07-02,22.971847534179688,23.073575281125756,22.860871649883805,23.064327143775945,1261700,23.210910352071128,22.61850862503052,hold
2024-07-03,23.119813919067383,23.351012058258057,22.879367642640865,23.082821370124,1105800,23.19652926127116,22.646525128682455,hold
2024-07-05,22.38922691345215,22.842376817708104,22.093293578029186,22.805384268829325,1224100,23.155398241678874,22.664612420399983,hold
2024-07-08,22.14878273010254,22.278253125296366,21.96382351076692,22.23201420241338,1094200,23.127526473999023,22.676295248667397,hold
2024-07-09,22.0285587310791,22.250508736169603,21.954575396048934,22.176525401139436,1376400,23.08006623586019,22.69151757558187,hold
2024-07-10,22.35223388671875,22.379978295595286,22.093291362242685,22.102539498534863,914900,23.0164280573527,22.718127155303954,hold
2024-07-11,22.296751022338867,22.333741810556365,21.91758618262419,22.121039927575346,2210600,22.951839447021484,22.74306297302246,hold
2024-07-12,22.315244674682617,22.629674299975118,22.130287212917672,22.407724287516043,1161000,22.888166872660317,22.77010482152303,hold
2024-07-15,22.16727638244629,22.35223559461902,22.065550403262883,22.204268930441543,759800,22.811172358194987,22.7934819539388,hold
2024-07-16,22.37997817993164,22.444713369740686,22.019307922007265,22.065548603229175,1120800,22.745762316385903,22.81456127166748,sell
2024-07-17,22.074798583984375,22.444715245160744,22.010061624864456,22.37073191292547,793200,22.677071189880373,22.83744586308797,hold
2024-07-18,22.065549850463867,22.269003567635412,21.93607769962586,22.11178877039776,818800,22.61795972188314,22.854183610280355,hold
2024-07-19,22.019309997558594,22.019309997558594,21.714128528333948,21.982319212995925,1323400,22.54921671549479,22.862510013580323,hold
2024-07-22,22.592681884765625,22.666665216919473,22.065550422681742,22.11178934381473,1561200,22.51561584472656,22.87994318008423,hold
2024-07-23,22.05630111694336,22.472456676794106,22.04705298042645,22.472456676794106,935600,22.462286122639973,22.88169485727946,hold
2024-07-24,21.445940017700195,22.01931041865,21.41819560582127,21.99156777067291,1352400,22.40032501220703,22.868929195404053,hold
2024-07-25,21.085268020629883,21.5569124011734,21.07602164798346,21.427442017303225,1141900,22.34267953236898,22.851350911458333,hold
2024-07-26,21.168500900268555,21.17774903743468,20.84482491896313,21.122261978339722,1035200,22.27516969045003,22.839804140726724,hold
2024-07-29,21.279476165771484,21.79735948475591,21.131509503204505,21.40894655454215,1262900,22.21814072926839,22.826661173502604,hold
2024-07-30,20.835575103759766,21.242482522887375,20.724599230605723,21.150004686477615,1196000,22.179915936787925,22.80192492802938,hold
2024-07-31,20.844823837280273,21.177747938475676,20.80783129053539,21.103764608887616,834900,22.140766398111978,22.777492650349934,hold
2024-08-01,20.104990005493164,20.928054817920096,20.086493730990988,20.928054817920096,1537600,22.079421869913737,22.738033103942872,hold
2024-08-02,19.790559768676758,19.984767117004086,19.531618989442673,19.88303937436112,1630800,21.97553685506185,22.671309979756675,hold
2024-08-05,19.143205642700195,19.439138963368897,18.551337237461066,18.680809388179917,1819400,21.87072696685791,22.60008996327718,hold
2024-08-06,19.49462890625,19.679588141002505,19.03223258327073,19.263430744760367,1648800,21.780713907877605,22.533678181966145,hold
2024-08-07,19.43914031982422,20.132734750003372,19.337412572282684,20.114238475195485,1554000,21.684535535176597,22.473083400726317,hold
2024-08-08,19.411396026611328,19.984768201857893,19.04147934769509,19.70732936974432,2660100,21.575410016377766,22.411576779683433,hold
2024-08-09,19.392898559570312,19.596354043393827,19.328163365227102,19.420642970246725,1489600,21.46875057220459,22.353207683563234,hold
2024-08-12,19.836801528930664,19.994016337947013,19.503875635977955,19.503875635977955,1486000,21.378429222106934,22.304633998870848,hold
2024-08-13,19.966270446777344,20.04950191385103,19.76281672943151,19.97551858355239,1387200,21.273927688598633,22.249828338623047,hold
2024-08-14,19.605602264404297,20.262204111447442,19.531618932851526,20.151229996069162,1768200,21.161719512939452,22.18631493250529,hold
2024-08-15,19.661087036132812,19.744318494940227,19.476127846804886,19.559359305612297,1988100,21.046428616841634,22.121478939056395,hold
2024-08-16,19.55936050415039,19.873790086934225,19.448386394874724,19.753567841235306,1828200,20.952099736531576,22.053748989105223,hold
2024-08-19,19.753570556640625,19.93852801882562,19.71657800586248,19.753570556640625,1478300,20.87225933074951,21.999892902374267,hold
2024-08-20,20.003259658813477,20.077242983301076,19.587104120033832,19.809054093496627,2112300,20.80474936167399,21.94240779876709,hold
2024-08-21,19.772064208984375,20.465658630819075,19.71657714913011,20.19746970493861,1598400,20.71874370574951,21.867585881551108,hold
2024-08-22,19.62409782409668,20.086494112011415,19.596355175718983,19.772064495117245,1733700,20.629655265808104,21.790747356414794,hold
2024-08-23,19.633344650268555,19.975518656589458,19.550113182890545,19.707327980837704,1955900,20.540258598327636,21.714212735493977,hold
2024-08-26,19.957021713256836,20.067997587337317,19.827551330081008,19.83679946657952,2102200,20.466583442687988,21.63887790044149,hold
2024-08-27,20.167299270629883,20.36801558847591,19.95702294941615,19.95702294941615,1845100,20.392827479044595,21.56929489771525,hold
2024-08-28,19.708518981933594,20.186417094925773,19.6607280768124,19.995257120514253,1780600,20.31395149230957,21.49551134109497,hold
2024-08-29,20.387130737304688,20.501827071425094,19.928349046895843,19.98569630243785,1481900,20.258004188537598,21.43798195521037,hold
2024-08-30,20.425363540649414,20.53049987240425,20.22464541086947,20.329783565660698,2050200,20.20487263997396,21.377044677734375,hold
2024-09-03,19.651168823242188,20.05260328916709,19.584263382760792,19.976139668183134,2200900,20.106822204589843,21.311219024658204,hold
2024-09-04,19.641611099243164,19.880560148251167,19.51735839589509,19.58426383793148,3338700,20.02633253733317,21.24430932998657,hold
2024-09-05,19.7658634185791,20.119506950722766,19.6893998043559,19.86144339211719,2306800,19.970329984029135,21.18532749811808,hold
2024-09-06,18.991668701171875,19.813652081193677,18.943877803879932,19.765863006938062,3583400,19.9005433400472,21.121611436208088,hold
2024-09-09,19.58426284790039,19.71807372520871,19.24973383159311,19.28796655255919,1642400,19.84773540496826,21.06145254770915,hold
2024-09-10,19.04901695251465,19.679842245515037,18.8769733593261,19.679842245515037,2634800,19.773386764526368,20.995763746897378,hold
2024-09-11,19.546030044555664,19.565144580138874,19.01078294142718,19.115921090798185,2220200,19.730401929219564,20.955158933003744,hold
2024-09-12,19.7658634185791,20.043043336499565,19.574703471502918,19.708516163670794,1849000,19.694436581929526,20.91760149002075,hold
2024-09-13,19.880558013916016,20.109950680608762,19.79453621966533,19.8518852978567,1925600,19.68695551554362,20.883188692728677,hold
2024-09-16,20.243762969970703,20.253321150339563,19.88055940810009,20.071719369404256,1597900,19.702062288920086,20.838799571990968,hold
2024-09-17,20.148183822631836,20.30111106878552,20.081278380319173,20.281994707257166,1282100,19.735561561584472,20.803144264221192,hold
2024-09-18,20.109949111938477,20.377570830476976,20.081274575079537,20.148180004714163,1155900,19.75607223510742,20.768393071492515,hold
2024-09-19,20.874588012695312,20.931935271110078,20.348900860647593,20.549617176617513,2784700,19.80392049153646,20.744228013356526,hold
2024-09-20,20.635637283325195,20.893702659581113,20.31066647389989,20.520940952866013,1455600,19.84472853342692,20.710069274902345,hold
2024-09-23,20.702545166015625,20.931936031039147,20.606965183163357,20.702545166015625,1391300,19.888383420308433,20.67856699625651,hold
2024-09-24,21.715686798095703,21.782594056638487,21.20911603038362,21.333368721604586,2124500,19.951012929280598,20.664721075693766,hold
2024-09-25,21.792152404785156,21.897290569066502,21.55320335726323,21.696574244205628,1959700,20.011875661214194,20.642901674906412,hold
2024-09-26,22.63325309753418,22.75750579475456,21.983311424599318,21.983311424599318,2409900,20.112797355651857,20.637258434295653,hold
2024-09-27,22.499441146850586,22.671482914094867,22.375186632520595,22.661924734297454,1343000,20.207409159342447,20.626918888092042,hold
2024-09-30,22.642810821533203,22.767063516249884,22.470767226512848,22.681041718739706,1467200,20.310190836588543,20.63114528656006,hold
2024-10-01,22.547231674194336,22.604578933633945,21.99286997151411,22.031100870128345,2182300,20.40331287384033,20.63778610229492,hold
2024-10-02,21.887731552124023,22.47076778917282,21.830384293360098,22.461209608872753,1802500,20.46612860361735,20.63543898264567,hold
2024-10-03,21.878173828125,21.973753810082663,21.467181181832622,21.782595669203864,1119500,20.536332257588704,20.627537981669107,hold
2024-10-04,21.70612907409668,22.231818035467402,21.59143456025914,22.069332621667204,815600,20.60573329925537,20.617694282531737,hold
2024-10-07,21.514970779418945,21.945077937587083,21.49585441957954,21.706128908703757,1142500,20.66845417022705,20.604356384277345,buy
2024-10-08,20.979724884033203,21.256904801881053,20.865028551210266,21.256904801881053,1356500,20.702544275919596,20.584563859303792,hold
2024-10-09,20.444477081298828,20.76944788660821,20.43491890196193,20.76944788660821,1171300,20.711783536275227,20.552305507659913,hold
2024-10-10,20.702545166015625,20.788566968279014,20.492270662169865,20.597407002574474,913000,20.744917742411296,20.529434617360433,hold
2024-10-11,20.119508743286133,20.578292292537377,19.899676060687813,20.37757414792061,1999400,20.735997009277344,20.49700059890747,hold
2024-10-14,19.727632522583008,19.995256108608103,19.708517984538492,19.918792487320438,1381200,20.71273930867513,20.458805974324545,hold
2024-10-15,19.04901695251465,19.479124112449593,18.98211151583831,19.354871419055875,2713600,20.69266757965088,20.39974489212036,hold
2024-10-16,19.001224517822266,19.268848065945722,18.924760907363602,19.020340876196,2030000,20.67132136027018,20.348826948801676,hold
2024-10-17,19.27840805053711,19.307082590783054,18.762277264328777,18.97255358005948,1419400,20.655072848002117,20.312701416015624,hold
2024-10-18,19.498241424560547,19.603379586207154,19.240176022175152,19.39310508595045,1302400,20.671958605448406,20.2862509727478,hold
2024-10-21,19.230619430541992,19.354872128490072,19.02990129011942,19.354872128490072,1312700,20.66017049153646,20.25395294825236,hold
2024-10-22,19.0299015045166,19.230619647200534,18.982112425468124,19.11592330523307,1141900,20.659533309936524,20.216460037231446,hold
2024-10-23,18.351285934448242,18.80050944724159,18.255705959397037,18.77183490781531,2452000,20.619708506266274,20.17505521774292,hold
2024-10-24,18.389516830444336,18.494654985303143,18.274822318813268,18.39907501025299,1280300,20.573830286661785,20.134133434295656,hold
2024-10-25,18.49465560913086,18.676257385547963,18.456422888606646,18.542444686749672,914500,20.527633539835612,20.107294527689614,hold
2024-10-28,18.188800811767578,18.44686437854461,18.169684451847374,18.399075301780528,1700300,20.459134801228842,20.080598545074462,hold
2024-10-29,18.51377296447754,18.66670020872107,18.341729358944427,18.47554024189838,1808600,20.404654439290365,20.07010800043742,hold
2024-10-30,18.32261085510254,18.399074468283043,18.08366183603393,18.34172721415675,1611000,20.345076497395834,20.050574366251627,hold
2024-10-31,18.2652645111084,18.4373081050963,18.160126354107696,18.313053588088845,954900,20.258099047342935,20.0310097694397,hold
2024-11-01,18.198360443115234,18.332171327155724,18.141011358780826,18.265265885135477,1012500,20.176856486002603,20.01079250971476,hold
2024-11-04,18.207916259765625,18.38951804202195,18.13145263929504,18.25570716195756,1113400,20.093702189127605,19.991042804718017,hold
2024-11-05,18.7431640625,18.8100695048039,18.446865927959063,18.456424108721986,1195100,19.994618097941082,19.97281551361084,hold
2024-11-06,18.704931259155273,18.73360580132096,18.32261314546231,18.351287687627995,1317600,19.891710726420083,19.95179319381714,sell
2024-11-07,19.287965774536133,19.421776646446894,18.991669491146702,19.039458567390145,1660900,19.780201148986816,19.946499252319335,hold
2024-11-08,19.211502075195312,19.34531294652428,19.15415481934524,19.28796569067421,1320300,19.67060317993164,19.939006169637043,hold
2024-11-11,19.43133544921875,19.632053586555774,19.240175492044106,19.460009989705885,1750500,19.56355400085449,19.936872418721517,hold
2024-11-12,19.020341873168945,19.383545409162526,18.924761899326615,19.268849075944456,1685100,19.445991007486978,19.924651940663654,hold
2024-11-13,19.192386627197266,19.221061168002528,18.848299429680036,18.924763048790922,973400,19.356146176656086,19.91113739013672,hold
2024-11-14,19.29752540588379,19.460010829584036,19.201945423171313,19.24973450300928,963000,19.27012456258138,19.903228410085042,hold
2024-11-15,19.393104553222656,19.402660910349372,19.22106095635842,19.335755472243605,1294400,19.193023745218913,19.899378522237143,hold
2024-11-18,19.53647232055664,19.622494113312932,19.297523301352793,19.364428735044058,2250100,19.12707379659017,19.89776398340861,hold
2024-11-19,19.14459800720215,19.249734346598718,18.829185342939386,19.106365285213197,1976200,19.0659029006958,19.884223588307698,hold
2024-11-20,18.131452560424805,19.307083226721325,18.09322166187407,19.068134185910598,4506700,18.988802083333333,19.85029280980428,hold
2024-11-21,17.882944107055664,18.179242209831866,17.7013441611383,18.169684030093627,2685500,18.894815381368,19.819866561889647,hold
2024-11-22,17.806480407714844,18.074103970006767,17.710902256858642,17.777807691672532,1902500,18.81771443684896,19.77685572306315,hold
2024-11-25,17.82559585571289,17.95940854153546,17.749132245115543,17.921175824718645,2047900,18.754313214619955,19.733526261647544,hold
2024-11-26,17.23300552368164,17.796925407281588,17.23300552368164,17.787367226860308,2277300,18.693779500325522,19.6932235399882,hold
2024-11-27,16.774221420288086,16.99405591658699,16.458808769030863,16.75510688311829,2646300,18.619546063741048,19.645433712005616,hold
2024-11-29,16.55438995361328,16.745549923535755,16.4205790684895,16.669086300174083,1553600,18.528745460510255,19.591909154256186,hold
2024-12-02,16.286766052246094,16.52571507186447,16.124280645984143,16.487482353668085,3328100,18.421696281433107,19.546827443440755,hold
2024-12-03,16.45880889892578,16.630852496066865,16.382345280533794,16.39190346071235,2249300,18.3293025970459,19.49473654429118,hold
2024-12-04,16.114723205566406,16.49704128988426,16.038259588702836,16.49704128988426,3582200,18.232129987080892,19.445831648508708,hold
2024-12-05,16.33275604248047,16.491326342674874,16.065167952037253,16.154363982184993,2215200,18.164845657348632,19.392277081807453,hold
2024-12-06,15.837224006652832,16.362489328213037,15.529994274192827,16.35257844777147,3945900,18.079769229888917,19.32679975827535,hold
2024-12-09,16.15436553955078,16.38231202207418,15.886779313617932,15.96606447135864,2954100,18.001759560902915,19.264696550369262,hold
2024-12-10,15.936330795288086,16.18409713345507,15.886778283777549,16.15436449236446,1979600,17.926677227020264,19.192906014124553,hold
2024-12-11,15.371423721313477,15.90659802442839,15.302048504488269,15.857045513322111,3003900,17.82193225224813,19.113293345769247,hold
2024-12-12,15.311959266662598,15.500262209966825,15.20294241985469,15.341690962127744,2812700,17.721577199300132,19.033326848347983,hold
2024-12-13,15.014639854431152,15.331781412937412,14.925444765790898,15.31195965202608,2460200,17.613223044077554,18.935661045710244,hold
2024-12-16,14.86598014831543,14.984907876083525,14.578571236587475,14.955176180429893,3091500,17.50214370091756,18.83950009346008,hold
2024-12-17,14.80651569366455,14.945265180863238,14.459643393398169,14.727230542452032,2207600,17.388763682047525,18.741232935587565,hold
2024-12-18,14.836248397827148,15.222763275356513,14.816426637362278,14.816426637362278,1744900,17.258533159891766,18.626575628916424,hold
2024-12-19,14.588481903076172,14.994818536617744,14.558749262704678,14.856069050344761,2033800,17.121318181355793,18.506514453887938,hold
2024-12-20,14.667767524719238,14.875891288234476,14.47946457693453,14.568660610605857,1905800,16.967311573028564,18.37375636100769,hold
2024-12-23,15.113746643066406,15.222763491711927,14.667767422957455,14.667767422957455,2243300,16.830719725290933,18.250661452611286,hold
2024-12-24,14.984908103942871,15.163300170884414,14.796606101735138,15.163300170884414,1004700,16.682505480448405,18.12302974065145,hold
2024-12-26,14.885802268981934,15.064193392373065,14.816427050573662,14.974997358100707,1303900,16.544687493642172,17.995339250564577,hold
2024-12-27,14.717321395874023,14.885802587515142,14.608303598251178,14.865980826073313,1750800,16.395518652598064,17.875832414627077,hold
2024-12-30,14.568660736083984,14.667767651050962,14.429912189314521,14.628125074094887,2224000,16.237889830271403,17.754007196426393,hold
2024-12-31,14.816427230834961,14.826338111464375,14.46955491518779,14.568660886021153,1628400,16.085333919525148,17.63917883237203,hold
2025-01-02,15.361513137817383,15.539905205737957,15.06419333966762,15.143478493153745,1563400,15.946168613433837,17.536621205012004,hold
2025-01-03,15.084014892578125,15.529994111075059,15.04437231638181,15.420977262823586,1482900,15.81081584294637,17.438359371821086,hold
2025-01-06,14.548839569091797,15.272316817369662,14.509196993092374,15.163299969659638,2224300,15.691395409901936,17.340098746617635,hold
2025-01-07,14.687588691711426,14.846159001962267,14.50919756525603,14.588482720381451,1877400,15.584883562723796,17.239849472045897,hold
2025-01-08,14.7272310256958,14.826337940540217,14.241609222296052,14.588482479097923,1916800,15.482241916656495,17.149978176752725,hold
2025-01-10,15.113746643066406,15.440798134156541,15.064193186353506,15.18312091537232,2758400,15.391846942901612,17.073080078760782,hold
2025-01-13,15.04437255859375,15.232674562269484,14.776784456095323,15.113746831765823,1824300,15.318892510732015,17.00633600552877,hold
2025-01-14,14.994819641113281,15.113747375898638,14.826338447212285,15.074104797636853,1673900,15.259579118092855,16.939562590916953,hold
2025-01-15,15.084014892578125,15.103835708099497,14.885802011596551,15.004729740185496,1538500,15.21056661605835,16.8696560382843,hold
2025-01-16,14.588481903076172,14.965086841399803,14.489374992144961,14.955175961275971,2150400,15.153957144419353,16.78782671292623,hold
2025-01-17,14.548839569091797,14.786695025088335,14.350625743941114,14.499286112804127,2059300,15.090291500091553,16.709797048568724,hold
2025-01-21,14.548839569091797,14.707409873089489,14.271340591942268,14.707409873089489,2613900,15.038095378875733,16.635112682978313,hold
2025-01-22,14.22178840637207,14.489375564205366,14.182145829465153,14.38035871399974,2511400,14.967729791005452,16.56628772417704,hold
2025-01-23,14.707409858703613,14.756963314942812,14.172234610658093,14.251519762579386,1831300,14.930069319407146,16.50491927464803,hold
2025-01-24,14.677679061889648,14.80651673278666,14.519107803182514,14.766874154398282,1476000,14.880846436818441,16.441302998860678,hold
2025-01-27,14.737141609191895,14.925444554570426,14.499286152543448,14.568660424444186,1286200,14.840873463948567,16.383775345484416,hold
2025-01-28,14.766873359680176,14.955176305756169,14.657856511267571,14.786695120384415,942800,14.820721785227457,16.321327018737794,hold
2025-01-29,15.133567810058594,15.133567810058594,14.776783691846736,14.816426266630994,1251400,14.814775403340658,16.268176301320395,hold
2025-01-30,15.420976638793945,15.579546937162453,14.984907373127015,15.212852885896895,1569500,14.828319962819418,16.220771503448486,hold
2025-01-31,15.232674598693848,15.559726094649358,15.202942902285235,15.559726094649358,1385700,14.840543111165365,16.171343406041462,hold
2025-02-03,15.034461975097656,15.232674863186057,14.667767895845714,14.816427325623613,1222900,14.848141320546468,16.118452501296996,hold
2025-02-04,15.559725761413574,15.787671282740702,15.183120816073565,15.232674272462381,1676800,14.872257232666016,16.06539519627889,hold
2025-02-05,15.500263214111328,15.629101829678183,15.411067176783998,15.411067176783998,1406900,14.902649943033854,16.011984062194824,hold
2025-02-06,15.272316932678223,15.698475336754765,15.23267435637949,15.589457543068074,1178200,14.92280158996582,15.945056581497193,hold
2025-02-07,15.242585182189941,15.480440639131054,15.143478269221026,15.411066367144954,1356600,14.927096207936605,15.87890796661377,hold
2025-02-10,15.5200834274292,15.53990518835535,15.272317086773807,15.331781424398677,1200000,14.944935385386149,15.813720432917277,hold
2025-02-11,15.490351676940918,15.619190287048914,15.331781370701409,15.529994253500796,1438500,14.965087032318115,15.754887262980143,hold
2025-02-12,15.579547882080078,15.648922155535548,15.252496385570595,15.470530086474525,1751100,14.99382791519165,15.694673283894856,hold
2025-02-13,15.857046127319336,15.906598640344328,15.559726323401378,15.589458020247093,1724500,15.036774094899496,15.63733196258545,hold
2025-02-14,15.95615291595459,16.104812344146815,15.75793908482683,16.02552718975715,2550900,15.074764951070149,15.580049435297648,hold
2025-02-18,16.243560791015625,16.848111270929632,16.144455766373543,16.23364991048998,3445800,15.104166539510091,15.525167576471965,hold
2025-02-19,14.826337814331055,15.648921987015271,14.608303170621511,15.44079822373652,7911800,15.095577303568522,15.453196573257447,hold
2025-02-20,15.857046127319336,15.906598640344328,14.965087660719064,15.014640173744056,4984600,15.139184188842773,15.415289799372355,hold
2025-02-21,15.212854385375977,15.94624256019466,15.20294350446268,15.787672246196419,3593900,15.156693045298258,15.370788304011027,hold
2025-02-24,15.143478393554688,15.331781340710949,14.984908087625357,15.163300154372642,2102000,15.170567957560221,15.326404937108357,hold
2025-02-25,15.361513137817383,15.807492362465236,15.183121069896808,15.272317103857096,2744900,15.178826840718587,15.285336891810099,hold
2025-02-26,15.619190216064453,15.91650906633552,15.569636759301417,15.668743672827489,2248900,15.197987429300944,15.258439970016479,hold
2025-02-27,15.38133430480957,15.688564026416119,15.331780849505872,15.46061945523407,2474100,15.210871251424154,15.235225184758503,hold
2025-02-28,15.490351676940918,15.708386320597032,15.064193270057054,15.29213879414153,2564600,15.224415810902913,15.217491213480631,buy
2025-03-03,15.093924522399902,15.609278947679533,15.07410370727952,15.589457187405602,2735500,15.241263898213704,15.197610521316529,hold
2025-03-04,15.472769737243652,15.582434641157459,14.515691186993818,14.864625490777064,2614700,15.272061570485432,15.181176535288493,hold
2025-03-05,15.323225021362305,15.622312234329756,15.143772503427424,15.46279930761966,3513300,15.29787441889445,15.167984898885091,hold
2025-03-06,15.781825065612793,15.81173350149708,15.26340805693966,15.34316451981245,2536000,15.34987564086914,15.158802715937297,hold
2025-03-07,16.021095275878906,16.240426986185636,15.751917437571366,15.821704108471083,1794500,15.393665154774984,15.161867237091064,hold
2025-03-10,15.702069282531738,15.96127827347629,15.442860291587186,15.801765340824897,2195200,15.427811495463054,15.154328966140747,hold
2025-03-11,15.741947174072266,15.791795202137072,15.13380389384337,15.652220913710023,2705500,15.4613050142924,15.151089239120484,hold
2025-03-12,16.449787139892578,16.59933027903731,16.060974597807437,16.150700861603113,4320700,15.51740214029948,15.169061962763468,hold
2025-03-13,16.35009002685547,16.649178187425154,16.300242950865886,16.489665262405612,4527700,15.557952880859375,15.186364142100016,hold
2025-03-14,16.549482345581055,16.579389830939718,15.871551454804777,16.240426287095662,2848300,15.595569737752278,15.211944850285848,hold
2025-03-17,16.4996337890625,16.898418018447174,16.46972630293954,16.67908631197678,2399700,15.637801710764567,15.239172410964965,hold
2025-03-18,16.629240036010742,16.848569851514053,16.33015184954889,16.479696893551928,1904100,15.69096097946167,15.26955115000407,hold
2025-03-19,16.88844871520996,17.24735186996392,16.778782858775706,17.177565198249102,2071600,15.735251744588217,15.303754488627115,hold
2025-03-20,17.097808837890625,17.287231163410926,16.75884337182028,16.85853943270171,1386100,15.788503265380859,15.345576604207357,hold
2025-03-21,16.529542922973633,16.94826483616416,16.4996335357657,16.878478167556423,3086500,15.830410798390707,15.376606194178263,hold
2025-03-24,16.270334243774414,16.708995756668138,16.190577777934113,16.529543233141425,1376600,15.864669100443523,15.395882654190064,hold
2025-03-25,16.150699615478516,16.429846279932374,16.110820433959944,16.25039376618687,964000,15.885689640045166,15.415312512715657,hold
2025-03-26,16.07094383239746,16.130760705656368,15.80176505041621,16.11082111405536,1036500,15.905042711893717,15.435064872105917,hold
2025-03-27,15.861581802368164,16.080911603669495,15.771855542393961,16.041034322316573,1548500,15.914443842569987,15.454135878880818,hold
2025-03-28,15.931368827819824,16.17063822593025,15.7319776627278,15.791795487641442,1075300,15.916921265920003,15.47684768040975,hold
2025-03-31,15.51264762878418,15.692099199346584,15.19362081854824,15.502677832982918,1185300,15.902137756347656,15.488451353708903,hold
2025-04-01,15.672160148620605,15.761886406941102,15.383042733350132,15.55252545445062,1097800,15.883091068267822,15.493628803888956,hold
2025-04-02,15.602373123168945,15.672160743830913,15.393012162727178,15.672160743830913,1229200,15.908958911895752,15.502268107732137,hold
2025-04-03,14.166755676269531,14.964321278851171,14.146816084588261,14.894533658738787,3162200,15.852615896860758,15.495900042851765,hold
2025-04-04,13.040194511413574,13.558612489610404,12.681290415504124,13.419038199148472,3526400,15.780193901062011,15.468443473180136,hold
2025-04-07,13.847729682922363,14.126877308382246,12.761046666774183,12.810894694727889,3773700,15.737002277374268,15.453785117467245,hold
2025-04-08,12.621472358703613,14.03715102602719,12.352294529414454,14.017212385340462,4890700,15.645667584737142,15.412247212727864,hold
2025-04-09,13.488824844360352,13.758003628879921,12.023299075660695,12.34232493810872,2692100,15.574655405680339,15.386321417490642,hold
2025-04-10,13.129920959472656,13.608459760811794,12.960438229638692,13.209677426362513,1744500,15.499608294169109,15.355239772796631,hold
2025-04-11,14.196663856506348,14.226573243487834,13.389129423447104,13.40906806399605,1222900,15.456485366821289,15.340450588862101,hold
2025-04-14,14.166755676269531,14.445903304402883,14.047120978498095,14.445903304402883,1188600,15.425579738616943,15.333421818415324,hold
2025-04-15,13.53867244720459,14.0969686396996,13.478855575263147,14.08699884411868,1230000,15.361109828948974,15.316585699717203,hold
2025-04-16,13.508764266967773,13.658307400424412,13.35922018273908,13.508764266967773,1109800,15.30062780380249,15.29925111134847,hold
2025-04-17,13.74803352355957,13.758003319229699,13.548642364017237,13.588520595925702,1002200,15.232834752400716,15.291355196634928,sell
2025-04-21,13.5486421585083,13.748033315026223,13.32931141095257,13.70815508372264,882800,15.150419648488363,15.272042401631673,hold
2025-04-22,13.518733978271484,13.738063779201227,13.429007718449293,13.61842908302899,603800,15.077641805013021,15.252726650238037,hold
2025-04-23,13.967364311218262,14.20663370329906,13.877638051494952,13.877638051494952,1259700,15.018489042917887,15.239897028605144,hold
2025-04-24,14.406024932861328,14.415994728605801,13.947424787108146,14.027181251519826,623600,14.950363636016846,15.233882888158162,hold
2025-04-25,14.445903778076172,14.735021211530162,14.216604170855325,14.266452200920927,649000,14.886890761057536,15.222421820958456,hold
2025-04-28,14.595447540283203,14.645294618456548,14.336238550384698,14.386086579330115,1024700,14.821756267547608,15.208663002649944,hold
2025-04-29,14.645294189453125,14.715081808241253,14.505720853420957,14.505720853420957,676600,14.759944947560628,15.198873329162598,hold
2025-04-30,14.69514274597168,14.764930367272202,14.406025317075459,14.53562981289405,762900,14.69547503789266,15.193218008677166,hold
2025-05-01,14.754960060119629,14.93441162822935,14.645294209348751,14.774898700677578,640200,14.624358749389648,15.179805246988932,hold
2025-05-02,14.984259605407715,15.113864096300832,14.83471647402368,14.954351169285315,716400,14.553907108306884,15.171205186843872,hold
2025-05-05,15.03410816192627,15.223530482503044,14.94438189962907,14.954351695611441,507700,14.50405928293864,15.167235040664673,hold
2025-05-06,14.934412002563477,15.183651195803366,14.85465553678848,14.914473361505761,1083200,14.459528541564941,15.162098821004232,hold
2025-05-07,14.914473533630371,14.994230000325821,14.74499080420952,14.954351766978096,785100,14.418321005503337,15.15200532277425,hold
2025-05-08,15.253438949584961,15.283347386818644,14.80480858799142,14.964321520933828,1055800,14.39107084274292,15.148056777318319,hold
2025-05-09,15.472769737243652,15.502678174534312,15.113864686667416,15.40298211586934,894500,14.378110440572103,15.146277141571044,hold
2025-05-12,16.150699615478516,16.41987648455273,16.021094177087193,16.32018233384437,1831400,14.385421466827392,15.151171366373697,hold
2025-05-13,16.3799991607666,16.409906645281502,16.041033724941517,16.190576852148105,1397900,14.41433318456014,15.158235470453898,hold
2025-05-14,16.36005973815918,16.58935932900159,16.280303276059904,16.409906813892206,1033900,14.437263170878092,15.160177119572957,hold
2025-05-15,16.748872756958008,17.04796092498404,16.230456688492286,16.26036417421401,1745000,14.475479825337727,15.19221936861674,hold
2025-05-16,16.35009002685547,16.93829465094405,16.300242950865886,16.77878172592451,1417800,14.548257637023926,15.200436766942342,hold
2025-05-19,16.19057846069336,16.250395337210037,16.041035318629554,16.170638868006392,1053500,14.653270435333251,15.216732168197632,hold
2025-05-20,16.429847717285156,16.47969669854437,16.150701028410364,16.240427293132747,1139600,14.73934103647868,15.238171656926474,hold
2025-05-21,15.971247673034668,16.449786459110946,15.911429849389107,16.290273530418855,1589000,14.851000213623047,15.248333899180095,hold
2025-05-22,15.951308250427246,16.031064715617617,15.821703756799877,15.91143001783206,1373200,14.933082993825277,15.253869199752808,hold
2025-05-23,16.130760192871094,16.160667677777752,15.731976930476504,15.881521010413985,1039100,15.033110968271892,15.2663596312205,hold
2025-05-27,15.99118709564209,16.30024315402641,15.851611858352328,16.180607507998626,1276600,15.092928409576416,15.274706888198853,hold
2025-05-28,15.961277961730957,16.10085129968883,15.771855644828044,15.961277961730957,1215500,15.152745819091797,15.28916277885437,hold
2025-05-29,16.130760192871094,16.31021270848726,16.070943321513724,16.130760192871094,900500,15.239148743947347,15.300129286448161,hold
2025-05-30,16.45975685119629,16.519573726237006,16.13076118615608,16.180608265099316,1538300,15.337515163421632,15.31907148361206,buy
2025-06-02,16.290273666381836,16.489665779683186,16.170638018092205,16.489665779683186,790100,15.422256501515706,15.32754562695821,hold
2025-06-03,16.150699615478516,16.25039376618687,15.791794587987514,16.110820433959944,1366100,15.50899175008138,15.32970569928487,hold
2025-06-04,16.130760192871094,16.529542504493655,16.130760192871094,16.449786042169144,1375200,15.596059290568034,15.336850547790528,hold
2025-06-05,16.3799991607666,16.639208135311904,16.320182290192772,16.370029365413625,1390100,15.676480452219645,15.347484747568766,hold
2025-06-06,16.690000534057617,16.889999389648438,16.540000915527344,16.610000610351562,1788100,15.752612972259522,15.351488304138183,hold
2025-06-09,16.450000762939453,16.719999313354492,16.43000030517578,16.700000762939453,1513200,15.819416205088297,15.353153483072917,hold
2025-06-10,16.549999237060547,16.780000686645508,16.389999389648438,16.559999465942383,1924500,15.884567928314208,15.353162097930909,hold
2025-06-11,16.860000610351562,16.950000762939453,16.65999984741211,16.75,1643700,15.958391475677491,15.359168211619059,hold
2025-06-12,17.010000228881836,17.06999969482422,16.760000228881836,16.84000015258789,1785100,16.035553391774496,15.365514214833578,hold
2025-06-13,17.399999618530273,17.420000076293945,16.93000030517578,17.1299991607666,1694000,16.12372137705485,15.37404006322225,hold
2025-06-16,17.020000457763672,17.559999465942383,16.920000076293945,17.559999465942383,1368800,16.191579405466715,15.3727432568868,hold
2025-06-17,16.809999465942383,17.06999969482422,16.799999237060547,16.959999084472656,1040900,16.25077578226725,15.377417532602946,hold
2025-06-18,16.799999237060547,16.899999618530273,16.610000610351562,16.75,1035700,16.312962023417153,15.386245282491048,hold
2025-06-20,16.469999313354492,16.799999237060547,16.450000762939453,16.780000686645508,1480000,16.364812882741294,15.391566944122314,hold
2025-06-23,16.549999237060547,16.639999389648438,16.329999923706055,16.389999389648438,2329200,16.40803155899048,15.3995512008667,hold
2025-06-24,16.969999313354492,17.020000457763672,16.209999084472656,16.360000610351562,2530600,16.457939211527506,15.418024826049805,hold
2025-06-25,17.1200008392334,17.600000381469727,16.799999237060547,16.979999542236328,3424300,16.490249252319337,15.437835359573365,hold
2025-06-26,17.09000015258789,17.1299991607666,16.81999969482422,17.1200008392334,2977400,16.513915952046712,15.464124568303426,hold
2025-06-27,17.1200008392334,17.260000228881836,16.969999313354492,17.100000381469727,2505000,16.53924732208252,15.488255246480305,hold
2025-06-30,17.25,17.280000686645508,16.8799991607666,17.040000915527344,2361000,16.55595156351725,15.51571569442749,hold
2025-07-01,17.3799991607666,17.420000076293945,16.90999984741211,17.15999984741211,2681800,16.590281867980956,15.569269752502441,hold
2025-07-02,17.950000762939453,18.18000030517578,17.43000030517578,17.5,3301200,16.648929278055828,15.65109985669454,hold
2025-07-03,18.040000915527344,18.15999984741211,17.93000030517578,17.940000534057617,1230500,16.702601051330568,15.720971043904623,hold
2025-07-07,18.200000762939453,18.59000015258789,18.09000015258789,18.100000381469727,1996600,16.77689282099406,15.813946517308553,hold
2025-07-08,17.860000610351562,18.290000915527344,17.799999237060547,18.200000762939453,1074900,16.840515899658204,15.88679944674174,hold
2025-07-09,17.399999618530273,17.799999237060547,17.270000457763672,17.799999237060547,1716400,16.88282388051351,15.9579674243927,hold
2025-07-10,18.020000457763672,18.34000015258789,17.649999618530273,17.670000076293945,1341400,16.95045099258423,16.021689701080323,hold
2025-07-11,18.520000457763672,18.610000610351562,18.059999465942383,18.100000381469727,1566400,17.035741742451986,16.09424378077189,hold
2025-07-14,18.389999389648438,18.59000015258789,18.290000915527344,18.559999465942383,893900,17.111049715677897,16.175099229812623,hold
2025-07-15,17.920000076293945,18.520000457763672,17.920000076293945,18.520000457763672,857600,17.159724489847818,16.248619826634727,hold
2025-07-16,18.209999084472656,18.350000381469727,17.969999313354492,18.06999969482422,792600,17.223715337117515,16.32298591931661,hold
2025-07-17,18.770000457763672,19.079999923706055,18.280000686645508,18.329999923706055,1802400,17.311025365193686,16.410008557637532,hold
2025-07-18,18.559999465942383,18.860000610351562,18.549999237060547,18.790000915527344,1149400,17.392000007629395,16.494029649098714,hold
2025-07-21,18.43000030517578,18.559999465942383,18.360000610351562,18.540000915527344,569600,17.460333379109702,16.568406915664674,hold
2025-07-22,18.959999084472656,19.040000915527344,18.549999237060547,18.549999237060547,1460300,17.53599999745687,16.644306484858195,hold
2025-07-23,19.059999465942383,19.290000915527344,19.049999237060547,19.1200008392334,1098100,17.622999954223634,16.721208079655966,hold
2025-07-24,19.030000686645508,19.239999771118164,19.020000457763672,19.09000015258789,1550400,17.705666669209798,16.795117298762005,hold
2025-07-25,18.799999237060547,19.139999389648438,18.68000030517578,18.84000015258789,1678900,17.770333290100098,16.864362382888793,hold
